Datum;Bolag;Region;Antal annonser;Nya 14 dagar
2026-05-20;Manpower;Blekinge län;1;1
2026-05-20;Manpower;Dalarnas län;3;3
2026-05-20;Manpower;Gävleborgs län;1;1
2026-05-20;Manpower;Jönköpings län;1;0
2026-05-20;Manpower;Kronobergs län;1;0
2026-05-20;Manpower;Norrbottens län;1;0
2026-05-20;Manpower;Skåne län;3;2
2026-05-20;Manpower;Stockholms län;7;4
2026-05-20;Manpower;Södermanlands län;1;0
2026-05-20;Manpower;Uppsala län;1;0
2026-05-20;Manpower;Värmlands län;3;2
2026-05-20;Manpower;Västernorrlands län;4;2
2026-05-20;Manpower;Västmanlands län;3;2
2026-05-20;Manpower;Västra Götalands län;19;6
2026-05-20;Manpower;Östergötlands län;2;1
2026-05-20;Lernia;Blekinge län;5;2
2026-05-20;Lernia;Dalarnas län;2;2
2026-05-20;Lernia;Gävleborgs län;6;4
2026-05-20;Lernia;Hallands län;38;12
2026-05-20;Lernia;Jämtlands län;2;1
2026-05-20;Lernia;Jönköpings län;13;7
2026-05-20;Lernia;Kalmar län;10;5
2026-05-20;Lernia;Kronobergs län;4;3
2026-05-20;Lernia;Norrbottens län;7;3
2026-05-20;Lernia;Skåne län;16;10
2026-05-20;Lernia;Stockholms län;5;2
2026-05-20;Lernia;Södermanlands län;5;2
2026-05-20;Lernia;Uppsala län;7;2
2026-05-20;Lernia;Västerbottens län;7;2
2026-05-20;Lernia;Västmanlands län;2;2
2026-05-20;Lernia;Västra Götalands län;44;21
2026-05-20;Lernia;Örebro län;2;1
2026-05-20;Lernia;Östergötlands län;7;3
2026-05-20;Adecco;Blekinge län;1;0
2026-05-20;Adecco;Dalarnas län;4;1
2026-05-20;Adecco;Hallands län;8;5
2026-05-20;Adecco;Jönköpings län;11;7
2026-05-20;Adecco;Kalmar län;2;1
2026-05-20;Adecco;Kronobergs län;11;11
2026-05-20;Adecco;Norrbottens län;15;9
2026-05-20;Adecco;Skåne län;24;14
2026-05-20;Adecco;Stockholms län;25;22
2026-05-20;Adecco;Södermanlands län;1;0
2026-05-20;Adecco;Uppsala län;7;6
2026-05-20;Adecco;Värmlands län;10;6
2026-05-20;Adecco;Västerbottens län;4;0
2026-05-20;Adecco;Västernorrlands län;2;2
2026-05-20;Adecco;Västmanlands län;8;5
2026-05-20;Adecco;Västra Götalands län;21;8
2026-05-20;Adecco;Örebro län;2;2
2026-05-20;Adecco;Östergötlands län;11;8
2026-05-20;Perido;Dalarnas län;2;2
2026-05-20;Perido;Jönköpings län;1;0
2026-05-20;Perido;Kalmar län;1;1
2026-05-20;Perido;Stockholms län;9;7
2026-05-20;Perido;Västra Götalands län;7;6
2026-05-20;Perido;Östergötlands län;5;0
2026-05-20;Randstad;Dalarnas län;1;0
2026-05-20;Randstad;Gävleborgs län;3;2
2026-05-20;Randstad;Hallands län;1;0
2026-05-20;Randstad;Jämtlands län;2;0
2026-05-20;Randstad;Jönköpings län;14;4
2026-05-20;Randstad;Kalmar län;1;1
2026-05-20;Randstad;Norrbottens län;4;2
2026-05-20;Randstad;Skåne län;10;6
2026-05-20;Randstad;Stockholms län;31;19
2026-05-20;Randstad;Södermanlands län;1;1
2026-05-20;Randstad;Uppsala län;12;6
2026-05-20;Randstad;Värmlands län;1;1
2026-05-20;Randstad;Västerbottens län;2;2
2026-05-20;Randstad;Västernorrlands län;2;1
2026-05-20;Randstad;Västmanlands län;3;0
2026-05-20;Randstad;Västra Götalands län;40;15
2026-05-20;Randstad;Örebro län;1;0
2026-05-20;Randstad;Östergötlands län;22;6
2026-05-20;Academic Work;Dalarnas län;9;4
2026-05-20;Academic Work;Gävleborgs län;8;3
2026-05-20;Academic Work;Hallands län;2;1
2026-05-20;Academic Work;Jämtlands län;6;1
2026-05-20;Academic Work;Jönköpings län;6;1
2026-05-20;Academic Work;Kalmar län;1;0
2026-05-20;Academic Work;Kronobergs län;3;1
2026-05-20;Academic Work;Norrbottens län;10;6
2026-05-20;Academic Work;Skåne län;46;17
2026-05-20;Academic Work;Stockholms län;129;46
2026-05-20;Academic Work;Södermanlands län;1;0
2026-05-20;Academic Work;Uppsala län;14;5
2026-05-20;Academic Work;Värmlands län;16;6
2026-05-20;Academic Work;Västerbottens län;11;5
2026-05-20;Academic Work;Västernorrlands län;8;4
2026-05-20;Academic Work;Västmanlands län;7;2
2026-05-20;Academic Work;Västra Götalands län;39;17
2026-05-20;Academic Work;Örebro län;24;8
2026-05-20;Academic Work;Östergötlands län;31;9
2026-05-20;Studentconsulting;Blekinge län;4;3
2026-05-20;Studentconsulting;Dalarnas län;5;4
2026-05-20;Studentconsulting;Gävleborgs län;1;1
2026-05-20;Studentconsulting;Hallands län;7;3
2026-05-20;Studentconsulting;Jämtlands län;1;1
2026-05-20;Studentconsulting;Jönköpings län;11;7
2026-05-20;Studentconsulting;Kronobergs län;14;6
2026-05-20;Studentconsulting;Norrbottens län;32;20
2026-05-20;Studentconsulting;Skåne län;44;19
2026-05-20;Studentconsulting;Stockholms län;23;15
2026-05-20;Studentconsulting;Södermanlands län;4;3
2026-05-20;Studentconsulting;Uppsala län;3;1
2026-05-20;Studentconsulting;Värmlands län;1;1
2026-05-20;Studentconsulting;Västerbottens län;5;3
2026-05-20;Studentconsulting;Västernorrlands län;4;2
2026-05-20;Studentconsulting;Västmanlands län;13;4
2026-05-20;Studentconsulting;Västra Götalands län;43;35
2026-05-20;Studentconsulting;Örebro län;4;2
2026-05-20;Studentconsulting;Östergötlands län;24;10
2026-05-20;Poolia;Jämtlands län;1;0
2026-05-20;Poolia;Jönköpings län;1;0
2026-05-20;Poolia;Kalmar län;1;1
2026-05-20;Poolia;Norrbottens län;3;3
2026-05-20;Poolia;Skåne län;11;8
2026-05-20;Poolia;Stockholms län;16;13
2026-05-20;Poolia;Södermanlands län;1;1
2026-05-20;Poolia;Uppsala län;3;2
2026-05-20;Poolia;Västerbottens län;2;2
2026-05-20;Poolia;Västernorrlands län;2;0
2026-05-20;Poolia;Västmanlands län;4;2
2026-05-20;Poolia;Västra Götalands län;5;5
2026-05-20;Poolia;Örebro län;2;1
2026-05-20;Poolia;Östergötlands län;15;12
2026-05-20;Uniflex;Blekinge län;2;1
2026-05-20;Uniflex;Gävleborgs län;1;1
2026-05-20;Uniflex;Hallands län;5;3
2026-05-20;Uniflex;Jämtlands län;2;0
2026-05-20;Uniflex;Jönköpings län;26;13
2026-05-20;Uniflex;Kalmar län;5;2
2026-05-20;Uniflex;Kronobergs län;6;2
2026-05-20;Uniflex;Skåne län;19;16
2026-05-20;Uniflex;Stockholms län;28;26
2026-05-20;Uniflex;Södermanlands län;2;0
2026-05-20;Uniflex;Uppsala län;2;1
2026-05-20;Uniflex;Värmlands län;4;2
2026-05-20;Uniflex;Västerbottens län;2;2
2026-05-20;Uniflex;Västernorrlands län;8;6
2026-05-20;Uniflex;Västmanlands län;6;3
2026-05-20;Uniflex;Västra Götalands län;30;14
2026-05-20;Uniflex;Örebro län;11;4
2026-05-20;Uniflex;Östergötlands län;17;3
2026-05-20;OnePartnerGroup;Blekinge län;1;0
2026-05-20;OnePartnerGroup;Gävleborgs län;15;6
2026-05-20;OnePartnerGroup;Hallands län;4;2
2026-05-20;OnePartnerGroup;Jämtlands län;13;6
2026-05-20;OnePartnerGroup;Jönköpings län;33;17
2026-05-20;OnePartnerGroup;Kalmar län;6;5
2026-05-20;OnePartnerGroup;Kronobergs län;13;8
2026-05-20;OnePartnerGroup;Norrbottens län;6;4
2026-05-20;OnePartnerGroup;Skåne län;9;5
2026-05-20;OnePartnerGroup;Stockholms län;14;9
2026-05-20;OnePartnerGroup;Södermanlands län;1;1
2026-05-20;OnePartnerGroup;Uppsala län;2;0
2026-05-20;OnePartnerGroup;Västerbottens län;8;5
2026-05-20;OnePartnerGroup;Västernorrlands län;10;8
2026-05-20;OnePartnerGroup;Västra Götalands län;32;20
2026-05-20;OnePartnerGroup;Östergötlands län;7;4
2026-05-20;Skill;Blekinge län;1;1
2026-05-20;Skill;Hallands län;1;0
2026-05-20;Skill;Jönköpings län;3;0
2026-05-20;Skill;Kalmar län;1;0
2026-05-20;Skill;Stockholms län;3;1
2026-05-20;Skill;Västmanlands län;2;0
2026-05-20;Skill;Västra Götalands län;20;4
2026-05-20;Skill;Örebro län;1;1
2026-05-20;Skill;Östergötlands län;62;38
2026-05-20;Arena Personal;Blekinge län;1;1
2026-05-20;Arena Personal;Jämtlands län;1;1
2026-05-20;Arena Personal;Jönköpings län;2;2
2026-05-20;Arena Personal;Kronobergs län;1;1
2026-05-20;Arena Personal;Norrbottens län;2;2
2026-05-20;Arena Personal;Skåne län;6;4
2026-05-20;Arena Personal;Stockholms län;24;9
2026-05-20;Arena Personal;Södermanlands län;30;18
2026-05-20;Arena Personal;Uppsala län;3;1
2026-05-20;Arena Personal;Västerbottens län;3;3
2026-05-20;Arena Personal;Västernorrlands län;1;1
2026-05-20;Arena Personal;Västmanlands län;3;2
2026-05-20;Arena Personal;Västra Götalands län;8;1
2026-05-20;Arena Personal;Örebro län;3;2
2026-05-20;Arena Personal;Östergötlands län;5;3
2026-05-20;Tranpenad;Jönköpings län;2;2
2026-05-20;Tranpenad;Stockholms län;6;2
2026-05-20;Tranpenad;Södermanlands län;3;0
2026-05-20;Tranpenad;Uppsala län;5;3
2026-05-20;Tranpenad;Västra Götalands län;21;2
2026-05-20;Tranpenad;Östergötlands län;3;1
2026-05-20;Jobandtalent;Blekinge län;1;0
2026-05-20;Jobandtalent;Hallands län;10;3
2026-05-20;Jobandtalent;Jönköpings län;9;6
2026-05-20;Jobandtalent;Kalmar län;1;1
2026-05-20;Jobandtalent;Kronobergs län;2;1
2026-05-20;Jobandtalent;Norrbottens län;3;0
2026-05-20;Jobandtalent;Skåne län;12;6
2026-05-20;Jobandtalent;Stockholms län;14;5
2026-05-20;Jobandtalent;Södermanlands län;4;1
2026-05-20;Jobandtalent;Uppsala län;1;0
2026-05-20;Jobandtalent;Värmlands län;3;3
2026-05-20;Jobandtalent;Västerbottens län;3;3
2026-05-20;Jobandtalent;Västernorrlands län;4;4
2026-05-20;Jobandtalent;Västmanlands län;2;0
2026-05-20;Jobandtalent;Västra Götalands län;21;10
2026-05-20;Jobandtalent;Örebro län;7;2
2026-05-20;Jobandtalent;Östergötlands län;41;7
2026-05-20;NearYou;Hallands län;3;3
2026-05-20;NearYou;Jönköpings län;10;10
2026-05-20;NearYou;Kalmar län;6;5
2026-05-20;NearYou;Skåne län;2;1
2026-05-20;NearYou;Västra Götalands län;57;21
2026-05-20;NearYou;Örebro län;2;2
2026-05-20;NearYou;Östergötlands län;2;2
2026-05-20;SJR;Kronobergs län;1;0
2026-05-20;SJR;Skåne län;3;2
2026-05-20;SJR;Stockholms län;17;15
2026-05-20;SJR;Uppsala län;4;2
2026-05-20;SJR;Västmanlands län;1;1
2026-05-20;SJR;Västra Götalands län;5;4
2026-05-20;Clockwork;Dalarnas län;17;10
2026-05-20;Clockwork;Gävleborgs län;6;6
2026-05-20;Clockwork;Jönköpings län;2;2
2026-05-20;Clockwork;Stockholms län;12;7
2026-05-20;Clockwork;Västerbottens län;5;3
2026-05-20;Clockwork;Västmanlands län;5;3
2026-05-20;Clockwork;Västra Götalands län;2;2
2026-05-20;Logent;Hallands län;5;1
2026-05-20;Logent;Skåne län;16;7
2026-05-20;Logent;Stockholms län;6;5
2026-05-20;Logent;Västra Götalands län;9;2
2026-05-20;Bemannia;Jämtlands län;1;1
2026-05-20;Bemannia;Stockholms län;18;10
2026-05-20;Bemannia;Södermanlands län;1;1
2026-05-20;Bemannia;Västernorrlands län;1;1
2026-05-20;Bemannia;Västra Götalands län;6;2
2026-05-20;Framtiden i Sverige;Blekinge län;2;0
2026-05-20;Framtiden i Sverige;Dalarnas län;8;2
2026-05-20;Framtiden i Sverige;Gotlands län;2;2
2026-05-20;Framtiden i Sverige;Hallands län;3;2
2026-05-20;Framtiden i Sverige;Jönköpings län;17;2
2026-05-20;Framtiden i Sverige;Kalmar län;4;0
2026-05-20;Framtiden i Sverige;Norrbottens län;4;2
2026-05-20;Framtiden i Sverige;Skåne län;13;4
2026-05-20;Framtiden i Sverige;Stockholms län;27;16
2026-05-20;Framtiden i Sverige;Södermanlands län;2;0
2026-05-20;Framtiden i Sverige;Uppsala län;3;1
2026-05-20;Framtiden i Sverige;Värmlands län;6;0
2026-05-20;Framtiden i Sverige;Västmanlands län;8;0
2026-05-20;Framtiden i Sverige;Västra Götalands län;21;10
2026-05-20;Framtiden i Sverige;Örebro län;4;0
2026-05-20;Framtiden i Sverige;Östergötlands län;40;22
2026-05-20;Professionals Nord;Jämtlands län;2;2
2026-05-20;Professionals Nord;Norrbottens län;73;43
2026-05-20;Professionals Nord;Skåne län;3;2
2026-05-20;Professionals Nord;Stockholms län;15;10
2026-05-20;Professionals Nord;Södermanlands län;4;1
2026-05-20;Professionals Nord;Uppsala län;1;1
2026-05-20;Professionals Nord;Värmlands län;1;0
2026-05-20;Professionals Nord;Västerbottens län;12;5
2026-05-20;Professionals Nord;Västernorrlands län;9;3
2026-05-20;Professionals Nord;Västmanlands län;9;1
2026-05-20;Professionals Nord;Västra Götalands län;14;5
2026-05-20;Professionals Nord;Örebro län;5;4
2026-05-20;Professionals Nord;Östergötlands län;21;7
2026-05-20;Bravura;Gävleborgs län;1;0
2026-05-20;Bravura;Hallands län;1;1
2026-05-20;Bravura;Jämtlands län;1;1
2026-05-20;Bravura;Jönköpings län;7;2
2026-05-20;Bravura;Kalmar län;1;1
2026-05-20;Bravura;Kronobergs län;3;1
2026-05-20;Bravura;Norrbottens län;2;0
2026-05-20;Bravura;Skåne län;19;7
2026-05-20;Bravura;Stockholms län;64;18
2026-05-20;Bravura;Södermanlands län;2;0
2026-05-20;Bravura;Uppsala län;1;0
2026-05-20;Bravura;Värmlands län;1;0
2026-05-20;Bravura;Västerbottens län;4;2
2026-05-20;Bravura;Västernorrlands län;6;5
2026-05-20;Bravura;Västmanlands län;2;0
2026-05-20;Bravura;Västra Götalands län;20;8
2026-05-20;Bravura;Örebro län;1;1
2026-05-20;Bravura;Östergötlands län;10;4
2026-05-20;Jurek;Jönköpings län;1;1
2026-05-20;Jurek;Skåne län;1;0
2026-05-20;Jurek;Stockholms län;15;5
2026-05-20;Jurek;Uppsala län;2;1
2026-05-20;Jurek;Västra Götalands län;8;1
2026-05-20;TNG Group;Kronobergs län;3;1
2026-05-20;TNG Group;Skåne län;7;3
2026-05-20;TNG Group;Stockholms län;28;12
2026-05-20;TNG Group;Södermanlands län;1;1
2026-05-20;TNG Group;Västmanlands län;1;1
2026-05-20;TNG Group;Västra Götalands län;7;1
2026-05-20;TNG Group;Örebro län;3;3
2026-05-20;TNG Group;Östergötlands län;2;1
2026-05-20;Eterni Sweden;Blekinge län;1;1
2026-05-20;Eterni Sweden;Hallands län;1;1
2026-05-20;Eterni Sweden;Jönköpings län;15;7
2026-05-20;Eterni Sweden;Kalmar län;9;9
2026-05-20;Eterni Sweden;Kronobergs län;22;21
2026-05-20;Eterni Sweden;Skåne län;7;5
2026-05-20;Eterni Sweden;Stockholms län;4;4
2026-05-20;Eterni Sweden;Värmlands län;9;7
2026-05-20;Eterni Sweden;Västmanlands län;1;1
2026-05-20;Eterni Sweden;Västra Götalands län;11;10
2026-05-20;Eterni Sweden;Östergötlands län;3;1
2026-05-20;Friday;Blekinge län;2;0
2026-05-20;Friday;Hallands län;2;2
2026-05-20;Friday;Jönköpings län;2;1
2026-05-20;Friday;Kronobergs län;3;0
2026-05-20;Friday;Skåne län;20;8
2026-05-20;Friday;Stockholms län;35;12
2026-05-20;Friday;Södermanlands län;1;1
2026-05-20;Friday;Västmanlands län;1;1
2026-05-20;Friday;Västra Götalands län;44;11
2026-05-20;Friday;Örebro län;6;3
2026-05-20;Friday;Östergötlands län;22;9
2026-05-20;Gazella;Stockholms län;2;2
2026-05-20;Insitepart;Jönköpings län;7;3
2026-05-20;Insitepart;Kronobergs län;1;1
2026-05-20;Insitepart;Skåne län;1;0
2026-05-20;Insitepart;Stockholms län;11;5
2026-05-20;Insitepart;Södermanlands län;1;1
2026-05-20;Insitepart;Västra Götalands län;1;1
2026-05-20;Insitepart;Örebro län;4;1
2026-05-20;Wikan Personal;Blekinge län;2;1
2026-05-20;Wikan Personal;Dalarnas län;2;2
2026-05-20;Wikan Personal;Gävleborgs län;11;7
2026-05-20;Wikan Personal;Jönköpings län;7;4
2026-05-20;Wikan Personal;Kalmar län;1;1
2026-05-20;Wikan Personal;Kronobergs län;8;7
2026-05-20;Wikan Personal;Norrbottens län;1;1
2026-05-20;Wikan Personal;Skåne län;26;21
2026-05-20;Wikan Personal;Västerbottens län;9;7
2026-05-20;Wikan Personal;Västernorrlands län;1;1
2026-05-20;Konsultia;Dalarnas län;1;0
2026-05-20;Konsultia;Gävleborgs län;4;3
2026-05-20;Konsultia;Hallands län;2;0
2026-05-20;Konsultia;Jönköpings län;4;2
2026-05-20;Konsultia;Norrbottens län;12;5
2026-05-20;Konsultia;Skåne län;4;2
2026-05-20;Konsultia;Västerbottens län;5;2
2026-05-20;Konsultia;Västernorrlands län;3;3
2026-05-20;Konsultia;Västmanlands län;1;0
2026-05-20;Konsultia;Västra Götalands län;12;5
2026-05-20;Konsultia;Örebro län;2;0
2026-05-21;Manpower;Blekinge län;2;1
2026-05-21;Manpower;Dalarnas län;3;3
2026-05-21;Manpower;Gävleborgs län;1;1
2026-05-21;Manpower;Jönköpings län;1;0
2026-05-21;Manpower;Norrbottens län;1;0
2026-05-21;Manpower;Skåne län;6;5
2026-05-21;Manpower;Stockholms län;8;3
2026-05-21;Manpower;Södermanlands län;1;0
2026-05-21;Manpower;Uppsala län;2;1
2026-05-21;Manpower;Värmlands län;3;2
2026-05-21;Manpower;Västernorrlands län;4;1
2026-05-21;Manpower;Västmanlands län;3;2
2026-05-21;Manpower;Västra Götalands län;18;6
2026-05-21;Manpower;Östergötlands län;2;1
2026-05-21;Lernia;Blekinge län;5;2
2026-05-21;Lernia;Dalarnas län;2;2
2026-05-21;Lernia;Gävleborgs län;6;4
2026-05-21;Lernia;Hallands län;36;12
2026-05-21;Lernia;Jämtlands län;2;1
2026-05-21;Lernia;Jönköpings län;13;6
2026-05-21;Lernia;Kalmar län;10;6
2026-05-21;Lernia;Kronobergs län;5;4
2026-05-21;Lernia;Norrbottens län;7;3
2026-05-21;Lernia;Skåne län;16;9
2026-05-21;Lernia;Stockholms län;5;2
2026-05-21;Lernia;Södermanlands län;5;2
2026-05-21;Lernia;Uppsala län;8;3
2026-05-21;Lernia;Västerbottens län;6;2
2026-05-21;Lernia;Västmanlands län;2;1
2026-05-21;Lernia;Västra Götalands län;43;22
2026-05-21;Lernia;Örebro län;2;1
2026-05-21;Lernia;Östergötlands län;6;3
2026-05-21;Adecco;Blekinge län;1;0
2026-05-21;Adecco;Dalarnas län;4;1
2026-05-21;Adecco;Hallands län;9;6
2026-05-21;Adecco;Jönköpings län;10;7
2026-05-21;Adecco;Kalmar län;2;1
2026-05-21;Adecco;Kronobergs län;11;11
2026-05-21;Adecco;Norrbottens län;15;8
2026-05-21;Adecco;Skåne län;22;12
2026-05-21;Adecco;Stockholms län;24;21
2026-05-21;Adecco;Uppsala län;7;6
2026-05-21;Adecco;Värmlands län;8;6
2026-05-21;Adecco;Västerbottens län;4;0
2026-05-21;Adecco;Västernorrlands län;2;1
2026-05-21;Adecco;Västmanlands län;7;5
2026-05-21;Adecco;Västra Götalands län;23;10
2026-05-21;Adecco;Örebro län;2;2
2026-05-21;Adecco;Östergötlands län;11;7
2026-05-21;Perido;Dalarnas län;2;2
2026-05-21;Perido;Jönköpings län;1;0
2026-05-21;Perido;Kalmar län;1;1
2026-05-21;Perido;Stockholms län;10;8
2026-05-21;Perido;Västra Götalands län;7;6
2026-05-21;Perido;Östergötlands län;4;0
2026-05-21;Randstad;Dalarnas län;1;0
2026-05-21;Randstad;Gävleborgs län;3;2
2026-05-21;Randstad;Hallands län;1;0
2026-05-21;Randstad;Jämtlands län;2;0
2026-05-21;Randstad;Jönköpings län;14;4
2026-05-21;Randstad;Kalmar län;1;1
2026-05-21;Randstad;Norrbottens län;4;2
2026-05-21;Randstad;Skåne län;9;5
2026-05-21;Randstad;Stockholms län;33;21
2026-05-21;Randstad;Södermanlands län;1;1
2026-05-21;Randstad;Uppsala län;11;6
2026-05-21;Randstad;Värmlands län;1;1
2026-05-21;Randstad;Västerbottens län;1;1
2026-05-21;Randstad;Västernorrlands län;2;1
2026-05-21;Randstad;Västmanlands län;3;0
2026-05-21;Randstad;Västra Götalands län;40;14
2026-05-21;Randstad;Örebro län;1;0
2026-05-21;Randstad;Östergötlands län;22;4
2026-05-21;Academic Work;Blekinge län;1;1
2026-05-21;Academic Work;Dalarnas län;9;4
2026-05-21;Academic Work;Gävleborgs län;8;3
2026-05-21;Academic Work;Hallands län;1;1
2026-05-21;Academic Work;Jämtlands län;6;1
2026-05-21;Academic Work;Jönköpings län;6;1
2026-05-21;Academic Work;Kalmar län;1;0
2026-05-21;Academic Work;Kronobergs län;3;1
2026-05-21;Academic Work;Norrbottens län;9;5
2026-05-21;Academic Work;Skåne län;49;21
2026-05-21;Academic Work;Stockholms län;129;45
2026-05-21;Academic Work;Södermanlands län;1;0
2026-05-21;Academic Work;Uppsala län;15;6
2026-05-21;Academic Work;Värmlands län;15;6
2026-05-21;Academic Work;Västerbottens län;12;6
2026-05-21;Academic Work;Västernorrlands län;8;4
2026-05-21;Academic Work;Västmanlands län;7;2
2026-05-21;Academic Work;Västra Götalands län;39;15
2026-05-21;Academic Work;Örebro län;24;8
2026-05-21;Academic Work;Östergötlands län;32;9
2026-05-21;Studentconsulting;Blekinge län;4;3
2026-05-21;Studentconsulting;Dalarnas län;5;4
2026-05-21;Studentconsulting;Gävleborgs län;1;1
2026-05-21;Studentconsulting;Hallands län;7;3
2026-05-21;Studentconsulting;Jämtlands län;1;1
2026-05-21;Studentconsulting;Jönköpings län;10;5
2026-05-21;Studentconsulting;Kronobergs län;14;6
2026-05-21;Studentconsulting;Norrbottens län;33;19
2026-05-21;Studentconsulting;Skåne län;42;17
2026-05-21;Studentconsulting;Stockholms län;23;14
2026-05-21;Studentconsulting;Södermanlands län;4;3
2026-05-21;Studentconsulting;Uppsala län;3;1
2026-05-21;Studentconsulting;Värmlands län;1;1
2026-05-21;Studentconsulting;Västerbottens län;5;3
2026-05-21;Studentconsulting;Västernorrlands län;4;2
2026-05-21;Studentconsulting;Västmanlands län;12;3
2026-05-21;Studentconsulting;Västra Götalands län;44;32
2026-05-21;Studentconsulting;Örebro län;5;3
2026-05-21;Studentconsulting;Östergötlands län;24;8
2026-05-21;Poolia;Jämtlands län;1;0
2026-05-21;Poolia;Jönköpings län;1;0
2026-05-21;Poolia;Kalmar län;1;1
2026-05-21;Poolia;Norrbottens län;3;3
2026-05-21;Poolia;Skåne län;12;8
2026-05-21;Poolia;Stockholms län;17;14
2026-05-21;Poolia;Södermanlands län;1;1
2026-05-21;Poolia;Uppsala län;3;2
2026-05-21;Poolia;Västerbottens län;2;1
2026-05-21;Poolia;Västernorrlands län;1;0
2026-05-21;Poolia;Västmanlands län;2;2
2026-05-21;Poolia;Västra Götalands län;5;5
2026-05-21;Poolia;Örebro län;2;1
2026-05-21;Poolia;Östergötlands län;17;14
2026-05-21;Uniflex;Blekinge län;3;2
2026-05-21;Uniflex;Gävleborgs län;2;2
2026-05-21;Uniflex;Hallands län;5;2
2026-05-21;Uniflex;Jämtlands län;2;0
2026-05-21;Uniflex;Jönköpings län;27;14
2026-05-21;Uniflex;Kalmar län;5;2
2026-05-21;Uniflex;Kronobergs län;6;2
2026-05-21;Uniflex;Skåne län;19;16
2026-05-21;Uniflex;Stockholms län;25;25
2026-05-21;Uniflex;Södermanlands län;3;1
2026-05-21;Uniflex;Uppsala län;2;1
2026-05-21;Uniflex;Värmlands län;4;1
2026-05-21;Uniflex;Västerbottens län;2;2
2026-05-21;Uniflex;Västernorrlands län;8;6
2026-05-21;Uniflex;Västmanlands län;6;3
2026-05-21;Uniflex;Västra Götalands län;30;14
2026-05-21;Uniflex;Örebro län;11;4
2026-05-21;Uniflex;Östergötlands län;17;3
2026-05-21;OnePartnerGroup;Blekinge län;1;0
2026-05-21;OnePartnerGroup;Gävleborgs län;15;7
2026-05-21;OnePartnerGroup;Hallands län;4;2
2026-05-21;OnePartnerGroup;Jämtlands län;13;6
2026-05-21;OnePartnerGroup;Jönköpings län;34;18
2026-05-21;OnePartnerGroup;Kalmar län;6;5
2026-05-21;OnePartnerGroup;Kronobergs län;13;8
2026-05-21;OnePartnerGroup;Norrbottens län;6;4
2026-05-21;OnePartnerGroup;Skåne län;6;5
2026-05-21;OnePartnerGroup;Stockholms län;15;10
2026-05-21;OnePartnerGroup;Södermanlands län;1;1
2026-05-21;OnePartnerGroup;Uppsala län;2;0
2026-05-21;OnePartnerGroup;Västerbottens län;8;5
2026-05-21;OnePartnerGroup;Västernorrlands län;9;8
2026-05-21;OnePartnerGroup;Västra Götalands län;33;20
2026-05-21;OnePartnerGroup;Östergötlands län;7;3
2026-05-21;Skill;Blekinge län;1;1
2026-05-21;Skill;Hallands län;1;0
2026-05-21;Skill;Jönköpings län;3;0
2026-05-21;Skill;Kalmar län;1;0
2026-05-21;Skill;Stockholms län;3;1
2026-05-21;Skill;Västmanlands län;2;0
2026-05-21;Skill;Västra Götalands län;19;4
2026-05-21;Skill;Örebro län;1;1
2026-05-21;Skill;Östergötlands län;62;38
2026-05-21;Arena Personal;Blekinge län;1;1
2026-05-21;Arena Personal;Jämtlands län;1;1
2026-05-21;Arena Personal;Jönköpings län;2;2
2026-05-21;Arena Personal;Kronobergs län;1;1
2026-05-21;Arena Personal;Norrbottens län;2;2
2026-05-21;Arena Personal;Skåne län;7;5
2026-05-21;Arena Personal;Stockholms län;23;9
2026-05-21;Arena Personal;Södermanlands län;30;18
2026-05-21;Arena Personal;Uppsala län;3;1
2026-05-21;Arena Personal;Västerbottens län;3;3
2026-05-21;Arena Personal;Västernorrlands län;1;1
2026-05-21;Arena Personal;Västmanlands län;3;2
2026-05-21;Arena Personal;Västra Götalands län;8;1
2026-05-21;Arena Personal;Örebro län;3;2
2026-05-21;Arena Personal;Östergötlands län;5;3
2026-05-21;Tranpenad;Jönköpings län;2;2
2026-05-21;Tranpenad;Stockholms län;6;2
2026-05-21;Tranpenad;Södermanlands län;1;0
2026-05-21;Tranpenad;Uppsala län;5;3
2026-05-21;Tranpenad;Västra Götalands län;21;2
2026-05-21;Tranpenad;Östergötlands län;3;1
2026-05-21;Jobandtalent;Blekinge län;1;0
2026-05-21;Jobandtalent;Hallands län;11;4
2026-05-21;Jobandtalent;Jönköpings län;9;6
2026-05-21;Jobandtalent;Kalmar län;1;1
2026-05-21;Jobandtalent;Kronobergs län;2;1
2026-05-21;Jobandtalent;Norrbottens län;3;0
2026-05-21;Jobandtalent;Skåne län;12;8
2026-05-21;Jobandtalent;Stockholms län;13;5
2026-05-21;Jobandtalent;Södermanlands län;4;1
2026-05-21;Jobandtalent;Uppsala län;1;0
2026-05-21;Jobandtalent;Värmlands län;3;3
2026-05-21;Jobandtalent;Västerbottens län;3;3
2026-05-21;Jobandtalent;Västernorrlands län;4;4
2026-05-21;Jobandtalent;Västmanlands län;2;0
2026-05-21;Jobandtalent;Västra Götalands län;21;10
2026-05-21;Jobandtalent;Örebro län;7;2
2026-05-21;Jobandtalent;Östergötlands län;39;7
2026-05-21;NearYou;Hallands län;3;3
2026-05-21;NearYou;Jönköpings län;11;11
2026-05-21;NearYou;Kalmar län;6;4
2026-05-21;NearYou;Skåne län;2;1
2026-05-21;NearYou;Västra Götalands län;58;22
2026-05-21;NearYou;Örebro län;2;2
2026-05-21;NearYou;Östergötlands län;2;2
2026-05-21;SJR;Kronobergs län;1;0
2026-05-21;SJR;Skåne län;3;1
2026-05-21;SJR;Stockholms län;17;14
2026-05-21;SJR;Uppsala län;4;2
2026-05-21;SJR;Västmanlands län;1;1
2026-05-21;SJR;Västra Götalands län;4;4
2026-05-21;Clockwork;Dalarnas län;18;9
2026-05-21;Clockwork;Gävleborgs län;5;5
2026-05-21;Clockwork;Jönköpings län;2;2
2026-05-21;Clockwork;Stockholms län;12;8
2026-05-21;Clockwork;Västerbottens län;5;3
2026-05-21;Clockwork;Västmanlands län;5;2
2026-05-21;Clockwork;Västra Götalands län;2;2
2026-05-21;Logent;Hallands län;5;1
2026-05-21;Logent;Skåne län;14;7
2026-05-21;Logent;Stockholms län;6;5
2026-05-21;Logent;Västra Götalands län;9;2
2026-05-21;Bemannia;Jämtlands län;1;1
2026-05-21;Bemannia;Stockholms län;18;8
2026-05-21;Bemannia;Södermanlands län;1;1
2026-05-21;Bemannia;Uppsala län;1;1
2026-05-21;Bemannia;Västernorrlands län;1;1
2026-05-21;Bemannia;Västra Götalands län;5;2
2026-05-21;Framtiden i Sverige;Blekinge län;2;0
2026-05-21;Framtiden i Sverige;Dalarnas län;7;2
2026-05-21;Framtiden i Sverige;Gotlands län;2;2
2026-05-21;Framtiden i Sverige;Hallands län;3;2
2026-05-21;Framtiden i Sverige;Jönköpings län;17;2
2026-05-21;Framtiden i Sverige;Kalmar län;4;0
2026-05-21;Framtiden i Sverige;Norrbottens län;4;2
2026-05-21;Framtiden i Sverige;Skåne län;12;4
2026-05-21;Framtiden i Sverige;Stockholms län;25;16
2026-05-21;Framtiden i Sverige;Södermanlands län;2;0
2026-05-21;Framtiden i Sverige;Uppsala län;3;1
2026-05-21;Framtiden i Sverige;Värmlands län;6;0
2026-05-21;Framtiden i Sverige;Västmanlands län;7;0
2026-05-21;Framtiden i Sverige;Västra Götalands län;21;10
2026-05-21;Framtiden i Sverige;Örebro län;5;1
2026-05-21;Framtiden i Sverige;Östergötlands län;39;21
2026-05-21;Professionals Nord;Jämtlands län;2;2
2026-05-21;Professionals Nord;Norrbottens län;73;38
2026-05-21;Professionals Nord;Skåne län;3;2
2026-05-21;Professionals Nord;Stockholms län;16;10
2026-05-21;Professionals Nord;Södermanlands län;4;1
2026-05-21;Professionals Nord;Uppsala län;1;1
2026-05-21;Professionals Nord;Värmlands län;2;1
2026-05-21;Professionals Nord;Västerbottens län;12;5
2026-05-21;Professionals Nord;Västernorrlands län;9;1
2026-05-21;Professionals Nord;Västmanlands län;9;1
2026-05-21;Professionals Nord;Västra Götalands län;14;5
2026-05-21;Professionals Nord;Örebro län;6;5
2026-05-21;Professionals Nord;Östergötlands län;21;7
2026-05-21;Bravura;Gävleborgs län;2;1
2026-05-21;Bravura;Hallands län;1;1
2026-05-21;Bravura;Jämtlands län;1;1
2026-05-21;Bravura;Jönköpings län;9;4
2026-05-21;Bravura;Kalmar län;1;1
2026-05-21;Bravura;Kronobergs län;3;1
2026-05-21;Bravura;Norrbottens län;2;0
2026-05-21;Bravura;Skåne län;20;8
2026-05-21;Bravura;Stockholms län;63;19
2026-05-21;Bravura;Södermanlands län;2;0
2026-05-21;Bravura;Uppsala län;1;0
2026-05-21;Bravura;Värmlands län;1;0
2026-05-21;Bravura;Västerbottens län;3;1
2026-05-21;Bravura;Västernorrlands län;6;4
2026-05-21;Bravura;Västmanlands län;2;0
2026-05-21;Bravura;Västra Götalands län;20;9
2026-05-21;Bravura;Örebro län;1;1
2026-05-21;Bravura;Östergötlands län;10;4
2026-05-21;Jurek;Dalarnas län;1;1
2026-05-21;Jurek;Jönköpings län;1;1
2026-05-21;Jurek;Skåne län;1;0
2026-05-21;Jurek;Stockholms län;17;7
2026-05-21;Jurek;Uppsala län;2;1
2026-05-21;Jurek;Västra Götalands län;8;1
2026-05-21;TNG Group;Kronobergs län;3;1
2026-05-21;TNG Group;Skåne län;8;4
2026-05-21;TNG Group;Stockholms län;29;12
2026-05-21;TNG Group;Södermanlands län;1;1
2026-05-21;TNG Group;Västmanlands län;1;1
2026-05-21;TNG Group;Västra Götalands län;6;1
2026-05-21;TNG Group;Örebro län;3;3
2026-05-21;TNG Group;Östergötlands län;1;1
2026-05-21;Eterni Sweden;Blekinge län;1;1
2026-05-21;Eterni Sweden;Hallands län;2;2
2026-05-21;Eterni Sweden;Jönköpings län;16;10
2026-05-21;Eterni Sweden;Kalmar län;9;9
2026-05-21;Eterni Sweden;Kronobergs län;20;19
2026-05-21;Eterni Sweden;Skåne län;8;6
2026-05-21;Eterni Sweden;Stockholms län;5;5
2026-05-21;Eterni Sweden;Värmlands län;9;6
2026-05-21;Eterni Sweden;Västmanlands län;1;1
2026-05-21;Eterni Sweden;Västra Götalands län;11;8
2026-05-21;Eterni Sweden;Östergötlands län;3;1
2026-05-21;Friday;Blekinge län;2;0
2026-05-21;Friday;Hallands län;2;2
2026-05-21;Friday;Jönköpings län;2;1
2026-05-21;Friday;Kronobergs län;2;0
2026-05-21;Friday;Skåne län;19;7
2026-05-21;Friday;Stockholms län;34;11
2026-05-21;Friday;Södermanlands län;1;1
2026-05-21;Friday;Västmanlands län;1;1
2026-05-21;Friday;Västra Götalands län;44;9
2026-05-21;Friday;Örebro län;6;3
2026-05-21;Friday;Östergötlands län;23;9
2026-05-21;Gazella;Stockholms län;2;2
2026-05-21;Insitepart;Jönköpings län;7;3
2026-05-21;Insitepart;Kronobergs län;1;1
2026-05-21;Insitepart;Skåne län;1;0
2026-05-21;Insitepart;Stockholms län;11;5
2026-05-21;Insitepart;Södermanlands län;1;0
2026-05-21;Insitepart;Västra Götalands län;2;2
2026-05-21;Insitepart;Örebro län;4;1
2026-05-21;Wikan Personal;Blekinge län;2;1
2026-05-21;Wikan Personal;Dalarnas län;2;2
2026-05-21;Wikan Personal;Gävleborgs län;11;7
2026-05-21;Wikan Personal;Jönköpings län;7;3
2026-05-21;Wikan Personal;Kalmar län;1;1
2026-05-21;Wikan Personal;Kronobergs län;9;8
2026-05-21;Wikan Personal;Norrbottens län;1;1
2026-05-21;Wikan Personal;Skåne län;26;22
2026-05-21;Wikan Personal;Västerbottens län;9;7
2026-05-21;Wikan Personal;Västernorrlands län;1;1
2026-05-21;Konsultia;Dalarnas län;1;0
2026-05-21;Konsultia;Gävleborgs län;4;3
2026-05-21;Konsultia;Hallands län;2;0
2026-05-21;Konsultia;Jönköpings län;4;2
2026-05-21;Konsultia;Norrbottens län;12;5
2026-05-21;Konsultia;Skåne län;4;2
2026-05-21;Konsultia;Västerbottens län;5;2
2026-05-21;Konsultia;Västernorrlands län;3;3
2026-05-21;Konsultia;Västmanlands län;1;0
2026-05-21;Konsultia;Västra Götalands län;12;5
2026-05-21;Konsultia;Örebro län;2;0
2026-05-22;Manpower;Blekinge län;2;1
2026-05-22;Manpower;Dalarnas län;3;3
2026-05-22;Manpower;Gävleborgs län;1;1
2026-05-22;Manpower;Jönköpings län;1;0
2026-05-22;Manpower;Skåne län;7;5
2026-05-22;Manpower;Stockholms län;8;3
2026-05-22;Manpower;Södermanlands län;1;0
2026-05-22;Manpower;Uppsala län;2;1
2026-05-22;Manpower;Värmlands län;3;2
2026-05-22;Manpower;Västernorrlands län;4;1
2026-05-22;Manpower;Västmanlands län;3;2
2026-05-22;Manpower;Västra Götalands län;18;7
2026-05-22;Manpower;Östergötlands län;2;1
2026-05-22;Lernia;Blekinge län;6;2
2026-05-22;Lernia;Dalarnas län;2;2
2026-05-22;Lernia;Gävleborgs län;5;3
2026-05-22;Lernia;Hallands län;35;8
2026-05-22;Lernia;Jämtlands län;2;1
2026-05-22;Lernia;Jönköpings län;13;5
2026-05-22;Lernia;Kalmar län;10;5
2026-05-22;Lernia;Kronobergs län;2;2
2026-05-22;Lernia;Norrbottens län;6;3
2026-05-22;Lernia;Skåne län;15;7
2026-05-22;Lernia;Stockholms län;5;1
2026-05-22;Lernia;Södermanlands län;5;2
2026-05-22;Lernia;Uppsala län;7;3
2026-05-22;Lernia;Västerbottens län;7;2
2026-05-22;Lernia;Västmanlands län;2;0
2026-05-22;Lernia;Västra Götalands län;44;23
2026-05-22;Lernia;Örebro län;2;1
2026-05-22;Lernia;Östergötlands län;7;4
2026-05-22;Adecco;Blekinge län;1;0
2026-05-22;Adecco;Dalarnas län;4;0
2026-05-22;Adecco;Hallands län;9;5
2026-05-22;Adecco;Jönköpings län;9;7
2026-05-22;Adecco;Kalmar län;2;1
2026-05-22;Adecco;Kronobergs län;11;10
2026-05-22;Adecco;Norrbottens län;15;8
2026-05-22;Adecco;Skåne län;19;10
2026-05-22;Adecco;Stockholms län;22;21
2026-05-22;Adecco;Uppsala län;6;5
2026-05-22;Adecco;Värmlands län;9;6
2026-05-22;Adecco;Västerbottens län;4;0
2026-05-22;Adecco;Västernorrlands län;2;0
2026-05-22;Adecco;Västmanlands län;8;6
2026-05-22;Adecco;Västra Götalands län;20;10
2026-05-22;Adecco;Örebro län;2;2
2026-05-22;Adecco;Östergötlands län;10;5
2026-05-22;Perido;Dalarnas län;1;1
2026-05-22;Perido;Jönköpings län;1;0
2026-05-22;Perido;Stockholms län;12;10
2026-05-22;Perido;Västra Götalands län;7;6
2026-05-22;Perido;Östergötlands län;4;0
2026-05-22;Randstad;Dalarnas län;1;0
2026-05-22;Randstad;Gävleborgs län;3;2
2026-05-22;Randstad;Hallands län;1;0
2026-05-22;Randstad;Jämtlands län;2;0
2026-05-22;Randstad;Jönköpings län;14;4
2026-05-22;Randstad;Kalmar län;1;1
2026-05-22;Randstad;Norrbottens län;4;1
2026-05-22;Randstad;Skåne län;9;5
2026-05-22;Randstad;Stockholms län;32;22
2026-05-22;Randstad;Södermanlands län;2;2
2026-05-22;Randstad;Uppsala län;10;4
2026-05-22;Randstad;Värmlands län;1;1
2026-05-22;Randstad;Västerbottens län;1;1
2026-05-22;Randstad;Västernorrlands län;2;1
2026-05-22;Randstad;Västmanlands län;1;0
2026-05-22;Randstad;Västra Götalands län;42;16
2026-05-22;Randstad;Örebro län;1;0
2026-05-22;Randstad;Östergötlands län;23;4
2026-05-22;Academic Work;Blekinge län;1;1
2026-05-22;Academic Work;Dalarnas län;9;4
2026-05-22;Academic Work;Gävleborgs län;8;3
2026-05-22;Academic Work;Hallands län;1;1
2026-05-22;Academic Work;Jämtlands län;6;0
2026-05-22;Academic Work;Jönköpings län;6;1
2026-05-22;Academic Work;Kalmar län;1;0
2026-05-22;Academic Work;Kronobergs län;3;1
2026-05-22;Academic Work;Norrbottens län;8;4
2026-05-22;Academic Work;Skåne län;52;25
2026-05-22;Academic Work;Stockholms län;133;48
2026-05-22;Academic Work;Södermanlands län;1;0
2026-05-22;Academic Work;Uppsala län;15;6
2026-05-22;Academic Work;Värmlands län;15;6
2026-05-22;Academic Work;Västerbottens län;13;6
2026-05-22;Academic Work;Västernorrlands län;8;4
2026-05-22;Academic Work;Västmanlands län;9;4
2026-05-22;Academic Work;Västra Götalands län;38;13
2026-05-22;Academic Work;Örebro län;24;8
2026-05-22;Academic Work;Östergötlands län;32;9
2026-05-22;Studentconsulting;Blekinge län;4;3
2026-05-22;Studentconsulting;Dalarnas län;6;4
2026-05-22;Studentconsulting;Gävleborgs län;1;1
2026-05-22;Studentconsulting;Hallands län;7;3
2026-05-22;Studentconsulting;Jämtlands län;1;1
2026-05-22;Studentconsulting;Jönköpings län;10;5
2026-05-22;Studentconsulting;Kronobergs län;14;6
2026-05-22;Studentconsulting;Norrbottens län;34;19
2026-05-22;Studentconsulting;Skåne län;49;23
2026-05-22;Studentconsulting;Stockholms län;22;13
2026-05-22;Studentconsulting;Södermanlands län;4;3
2026-05-22;Studentconsulting;Uppsala län;3;1
2026-05-22;Studentconsulting;Värmlands län;2;1
2026-05-22;Studentconsulting;Västerbottens län;6;3
2026-05-22;Studentconsulting;Västernorrlands län;7;5
2026-05-22;Studentconsulting;Västmanlands län;12;3
2026-05-22;Studentconsulting;Västra Götalands län;44;29
2026-05-22;Studentconsulting;Örebro län;5;3
2026-05-22;Studentconsulting;Östergötlands län;24;7
2026-05-22;Poolia;Dalarnas län;1;1
2026-05-22;Poolia;Gävleborgs län;1;1
2026-05-22;Poolia;Jämtlands län;1;0
2026-05-22;Poolia;Jönköpings län;1;0
2026-05-22;Poolia;Kalmar län;1;1
2026-05-22;Poolia;Norrbottens län;3;3
2026-05-22;Poolia;Skåne län;11;8
2026-05-22;Poolia;Stockholms län;19;17
2026-05-22;Poolia;Södermanlands län;1;1
2026-05-22;Poolia;Uppsala län;3;2
2026-05-22;Poolia;Västerbottens län;2;1
2026-05-22;Poolia;Västernorrlands län;1;0
2026-05-22;Poolia;Västmanlands län;2;2
2026-05-22;Poolia;Västra Götalands län;7;7
2026-05-22;Poolia;Örebro län;1;0
2026-05-22;Poolia;Östergötlands län;17;13
2026-05-22;Uniflex;Blekinge län;3;2
2026-05-22;Uniflex;Gävleborgs län;2;2
2026-05-22;Uniflex;Hallands län;5;1
2026-05-22;Uniflex;Jämtlands län;2;0
2026-05-22;Uniflex;Jönköpings län;27;14
2026-05-22;Uniflex;Kalmar län;5;2
2026-05-22;Uniflex;Kronobergs län;6;2
2026-05-22;Uniflex;Skåne län;18;15
2026-05-22;Uniflex;Stockholms län;23;23
2026-05-22;Uniflex;Södermanlands län;3;1
2026-05-22;Uniflex;Uppsala län;2;1
2026-05-22;Uniflex;Värmlands län;4;1
2026-05-22;Uniflex;Västerbottens län;2;2
2026-05-22;Uniflex;Västernorrlands län;8;6
2026-05-22;Uniflex;Västmanlands län;6;3
2026-05-22;Uniflex;Västra Götalands län;31;10
2026-05-22;Uniflex;Örebro län;10;5
2026-05-22;Uniflex;Östergötlands län;17;3
2026-05-22;OnePartnerGroup;Blekinge län;1;0
2026-05-22;OnePartnerGroup;Gotlands län;1;1
2026-05-22;OnePartnerGroup;Gävleborgs län;14;4
2026-05-22;OnePartnerGroup;Hallands län;4;2
2026-05-22;OnePartnerGroup;Jämtlands län;13;6
2026-05-22;OnePartnerGroup;Jönköpings län;35;17
2026-05-22;OnePartnerGroup;Kalmar län;7;6
2026-05-22;OnePartnerGroup;Kronobergs län;13;7
2026-05-22;OnePartnerGroup;Norrbottens län;5;4
2026-05-22;OnePartnerGroup;Skåne län;5;3
2026-05-22;OnePartnerGroup;Stockholms län;15;10
2026-05-22;OnePartnerGroup;Södermanlands län;1;1
2026-05-22;OnePartnerGroup;Uppsala län;2;0
2026-05-22;OnePartnerGroup;Västerbottens län;8;4
2026-05-22;OnePartnerGroup;Västernorrlands län;9;8
2026-05-22;OnePartnerGroup;Västra Götalands län;35;20
2026-05-22;OnePartnerGroup;Östergötlands län;7;3
2026-05-22;Skill;Blekinge län;1;0
2026-05-22;Skill;Jönköpings län;3;0
2026-05-22;Skill;Kalmar län;1;0
2026-05-22;Skill;Stockholms län;3;1
2026-05-22;Skill;Västmanlands län;2;0
2026-05-22;Skill;Västra Götalands län;18;5
2026-05-22;Skill;Örebro län;1;1
2026-05-22;Skill;Östergötlands län;60;34
2026-05-22;Arena Personal;Blekinge län;1;1
2026-05-22;Arena Personal;Jämtlands län;1;1
2026-05-22;Arena Personal;Jönköpings län;2;2
2026-05-22;Arena Personal;Kronobergs län;1;1
2026-05-22;Arena Personal;Norrbottens län;2;2
2026-05-22;Arena Personal;Skåne län;7;5
2026-05-22;Arena Personal;Stockholms län;25;11
2026-05-22;Arena Personal;Södermanlands län;30;17
2026-05-22;Arena Personal;Uppsala län;3;1
2026-05-22;Arena Personal;Västerbottens län;3;2
2026-05-22;Arena Personal;Västernorrlands län;1;1
2026-05-22;Arena Personal;Västmanlands län;3;2
2026-05-22;Arena Personal;Västra Götalands län;8;1
2026-05-22;Arena Personal;Örebro län;3;2
2026-05-22;Arena Personal;Östergötlands län;5;3
2026-05-22;Tranpenad;Jönköpings län;2;2
2026-05-22;Tranpenad;Stockholms län;6;2
2026-05-22;Tranpenad;Södermanlands län;1;0
2026-05-22;Tranpenad;Uppsala län;5;1
2026-05-22;Tranpenad;Västra Götalands län;21;2
2026-05-22;Tranpenad;Östergötlands län;3;1
2026-05-22;Jobandtalent;Blekinge län;1;0
2026-05-22;Jobandtalent;Hallands län;11;3
2026-05-22;Jobandtalent;Jönköpings län;9;5
2026-05-22;Jobandtalent;Kalmar län;1;1
2026-05-22;Jobandtalent;Kronobergs län;2;1
2026-05-22;Jobandtalent;Norrbottens län;3;0
2026-05-22;Jobandtalent;Skåne län;13;9
2026-05-22;Jobandtalent;Stockholms län;14;6
2026-05-22;Jobandtalent;Södermanlands län;4;1
2026-05-22;Jobandtalent;Uppsala län;1;0
2026-05-22;Jobandtalent;Värmlands län;3;3
2026-05-22;Jobandtalent;Västerbottens län;3;2
2026-05-22;Jobandtalent;Västernorrlands län;4;4
2026-05-22;Jobandtalent;Västmanlands län;2;0
2026-05-22;Jobandtalent;Västra Götalands län;20;9
2026-05-22;Jobandtalent;Örebro län;7;2
2026-05-22;Jobandtalent;Östergötlands län;39;7
2026-05-22;NearYou;Hallands län;3;3
2026-05-22;NearYou;Jönköpings län;11;11
2026-05-22;NearYou;Kalmar län;6;4
2026-05-22;NearYou;Skåne län;2;1
2026-05-22;NearYou;Västra Götalands län;59;23
2026-05-22;NearYou;Örebro län;2;2
2026-05-22;SJR;Kronobergs län;1;0
2026-05-22;SJR;Skåne län;2;1
2026-05-22;SJR;Stockholms län;14;9
2026-05-22;SJR;Uppsala län;4;2
2026-05-22;SJR;Västra Götalands län;5;5
2026-05-22;Clockwork;Dalarnas län;20;10
2026-05-22;Clockwork;Gävleborgs län;8;8
2026-05-22;Clockwork;Jönköpings län;2;2
2026-05-22;Clockwork;Stockholms län;12;8
2026-05-22;Clockwork;Södermanlands län;1;1
2026-05-22;Clockwork;Uppsala län;1;1
2026-05-22;Clockwork;Västerbottens län;4;3
2026-05-22;Clockwork;Västmanlands län;5;2
2026-05-22;Clockwork;Västra Götalands län;2;2
2026-05-22;Logent;Hallands län;5;0
2026-05-22;Logent;Skåne län;16;7
2026-05-22;Logent;Stockholms län;6;5
2026-05-22;Logent;Västra Götalands län;9;2
2026-05-22;Bemannia;Gävleborgs län;1;1
2026-05-22;Bemannia;Hallands län;1;1
2026-05-22;Bemannia;Jämtlands län;1;1
2026-05-22;Bemannia;Stockholms län;17;10
2026-05-22;Bemannia;Södermanlands län;1;1
2026-05-22;Bemannia;Uppsala län;1;1
2026-05-22;Bemannia;Västernorrlands län;1;1
2026-05-22;Bemannia;Västra Götalands län;5;2
2026-05-22;Framtiden i Sverige;Blekinge län;2;0
2026-05-22;Framtiden i Sverige;Dalarnas län;8;3
2026-05-22;Framtiden i Sverige;Gotlands län;2;2
2026-05-22;Framtiden i Sverige;Gävleborgs län;1;1
2026-05-22;Framtiden i Sverige;Hallands län;3;2
2026-05-22;Framtiden i Sverige;Jönköpings län;15;2
2026-05-22;Framtiden i Sverige;Kalmar län;4;0
2026-05-22;Framtiden i Sverige;Norrbottens län;4;2
2026-05-22;Framtiden i Sverige;Skåne län;12;4
2026-05-22;Framtiden i Sverige;Stockholms län;27;13
2026-05-22;Framtiden i Sverige;Södermanlands län;2;0
2026-05-22;Framtiden i Sverige;Uppsala län;3;1
2026-05-22;Framtiden i Sverige;Värmlands län;7;1
2026-05-22;Framtiden i Sverige;Västernorrlands län;1;1
2026-05-22;Framtiden i Sverige;Västmanlands län;7;0
2026-05-22;Framtiden i Sverige;Västra Götalands län;20;9
2026-05-22;Framtiden i Sverige;Örebro län;4;0
2026-05-22;Framtiden i Sverige;Östergötlands län;40;19
2026-05-22;Professionals Nord;Jämtlands län;2;2
2026-05-22;Professionals Nord;Norrbottens län;73;38
2026-05-22;Professionals Nord;Skåne län;3;2
2026-05-22;Professionals Nord;Stockholms län;17;11
2026-05-22;Professionals Nord;Södermanlands län;3;1
2026-05-22;Professionals Nord;Uppsala län;1;0
2026-05-22;Professionals Nord;Värmlands län;2;1
2026-05-22;Professionals Nord;Västerbottens län;12;3
2026-05-22;Professionals Nord;Västernorrlands län;9;1
2026-05-22;Professionals Nord;Västmanlands län;9;0
2026-05-22;Professionals Nord;Västra Götalands län;16;5
2026-05-22;Professionals Nord;Örebro län;6;5
2026-05-22;Professionals Nord;Östergötlands län;20;7
2026-05-22;Bravura;Gävleborgs län;2;1
2026-05-22;Bravura;Hallands län;1;1
2026-05-22;Bravura;Jämtlands län;1;1
2026-05-22;Bravura;Jönköpings län;10;5
2026-05-22;Bravura;Kalmar län;1;1
2026-05-22;Bravura;Kronobergs län;3;1
2026-05-22;Bravura;Norrbottens län;2;0
2026-05-22;Bravura;Skåne län;20;7
2026-05-22;Bravura;Stockholms län;61;19
2026-05-22;Bravura;Södermanlands län;2;0
2026-05-22;Bravura;Uppsala län;2;1
2026-05-22;Bravura;Värmlands län;1;1
2026-05-22;Bravura;Västerbottens län;1;1
2026-05-22;Bravura;Västernorrlands län;6;4
2026-05-22;Bravura;Västmanlands län;2;0
2026-05-22;Bravura;Västra Götalands län;21;10
2026-05-22;Bravura;Örebro län;1;1
2026-05-22;Bravura;Östergötlands län;9;4
2026-05-22;Jurek;Dalarnas län;1;1
2026-05-22;Jurek;Gävleborgs län;1;1
2026-05-22;Jurek;Jönköpings län;1;1
2026-05-22;Jurek;Skåne län;1;0
2026-05-22;Jurek;Stockholms län;19;8
2026-05-22;Jurek;Uppsala län;2;1
2026-05-22;Jurek;Västra Götalands län;9;2
2026-05-22;TNG Group;Kronobergs län;3;1
2026-05-22;TNG Group;Skåne län;8;2
2026-05-22;TNG Group;Stockholms län;31;15
2026-05-22;TNG Group;Södermanlands län;1;0
2026-05-22;TNG Group;Västmanlands län;1;0
2026-05-22;TNG Group;Västra Götalands län;7;2
2026-05-22;TNG Group;Örebro län;3;2
2026-05-22;TNG Group;Östergötlands län;1;0
2026-05-22;Eterni Sweden;Blekinge län;1;1
2026-05-22;Eterni Sweden;Hallands län;2;2
2026-05-22;Eterni Sweden;Jönköpings län;18;11
2026-05-22;Eterni Sweden;Kalmar län;9;7
2026-05-22;Eterni Sweden;Kronobergs län;21;21
2026-05-22;Eterni Sweden;Skåne län;8;6
2026-05-22;Eterni Sweden;Stockholms län;5;5
2026-05-22;Eterni Sweden;Värmlands län;9;6
2026-05-22;Eterni Sweden;Västmanlands län;1;1
2026-05-22;Eterni Sweden;Västra Götalands län;11;7
2026-05-22;Eterni Sweden;Östergötlands län;3;0
2026-05-22;Friday;Blekinge län;3;1
2026-05-22;Friday;Hallands län;2;2
2026-05-22;Friday;Jönköpings län;2;1
2026-05-22;Friday;Kronobergs län;3;1
2026-05-22;Friday;Skåne län;19;6
2026-05-22;Friday;Stockholms län;31;11
2026-05-22;Friday;Södermanlands län;1;1
2026-05-22;Friday;Västmanlands län;1;0
2026-05-22;Friday;Västra Götalands län;45;10
2026-05-22;Friday;Örebro län;6;2
2026-05-22;Friday;Östergötlands län;24;10
2026-05-22;Gazella;Stockholms län;3;3
2026-05-22;Insitepart;Jönköpings län;7;3
2026-05-22;Insitepart;Kronobergs län;1;1
2026-05-22;Insitepart;Skåne län;2;1
2026-05-22;Insitepart;Stockholms län;9;4
2026-05-22;Insitepart;Södermanlands län;1;0
2026-05-22;Insitepart;Västra Götalands län;2;2
2026-05-22;Insitepart;Örebro län;4;1
2026-05-22;Wikan Personal;Blekinge län;2;1
2026-05-22;Wikan Personal;Dalarnas län;2;1
2026-05-22;Wikan Personal;Gävleborgs län;11;7
2026-05-22;Wikan Personal;Jönköpings län;7;3
2026-05-22;Wikan Personal;Kalmar län;1;1
2026-05-22;Wikan Personal;Kronobergs län;9;7
2026-05-22;Wikan Personal;Norrbottens län;1;1
2026-05-22;Wikan Personal;Skåne län;29;23
2026-05-22;Wikan Personal;Västerbottens län;9;6
2026-05-22;Wikan Personal;Västernorrlands län;1;1
2026-05-22;Konsultia;Dalarnas län;1;0
2026-05-22;Konsultia;Gävleborgs län;5;4
2026-05-22;Konsultia;Hallands län;2;0
2026-05-22;Konsultia;Jönköpings län;4;2
2026-05-22;Konsultia;Norrbottens län;13;5
2026-05-22;Konsultia;Skåne län;4;2
2026-05-22;Konsultia;Södermanlands län;1;1
2026-05-22;Konsultia;Västerbottens län;5;1
2026-05-22;Konsultia;Västernorrlands län;3;3
2026-05-22;Konsultia;Västmanlands län;1;0
2026-05-22;Konsultia;Västra Götalands län;13;6
2026-05-22;Konsultia;Örebro län;2;0
2026-05-23;Manpower;Blekinge län;2;1
2026-05-23;Manpower;Dalarnas län;3;3
2026-05-23;Manpower;Gävleborgs län;1;1
2026-05-23;Manpower;Jönköpings län;2;1
2026-05-23;Manpower;Skåne län;7;5
2026-05-23;Manpower;Stockholms län;8;3
2026-05-23;Manpower;Södermanlands län;1;1
2026-05-23;Manpower;Uppsala län;2;1
2026-05-23;Manpower;Värmlands län;3;2
2026-05-23;Manpower;Västernorrlands län;4;1
2026-05-23;Manpower;Västmanlands län;3;2
2026-05-23;Manpower;Västra Götalands län;15;7
2026-05-23;Manpower;Östergötlands län;2;1
2026-05-23;Lernia;Blekinge län;6;1
2026-05-23;Lernia;Dalarnas län;2;2
2026-05-23;Lernia;Gävleborgs län;5;3
2026-05-23;Lernia;Hallands län;35;5
2026-05-23;Lernia;Jämtlands län;2;1
2026-05-23;Lernia;Jönköpings län;14;4
2026-05-23;Lernia;Kalmar län;10;6
2026-05-23;Lernia;Kronobergs län;4;4
2026-05-23;Lernia;Norrbottens län;6;3
2026-05-23;Lernia;Skåne län;14;8
2026-05-23;Lernia;Stockholms län;5;1
2026-05-23;Lernia;Södermanlands län;5;2
2026-05-23;Lernia;Uppsala län;7;3
2026-05-23;Lernia;Västerbottens län;7;2
2026-05-23;Lernia;Västmanlands län;2;0
2026-05-23;Lernia;Västra Götalands län;47;25
2026-05-23;Lernia;Örebro län;2;1
2026-05-23;Lernia;Östergötlands län;7;2
2026-05-23;Adecco;Blekinge län;2;1
2026-05-23;Adecco;Dalarnas län;4;0
2026-05-23;Adecco;Hallands län;9;5
2026-05-23;Adecco;Jönköpings län;10;7
2026-05-23;Adecco;Kalmar län;2;1
2026-05-23;Adecco;Kronobergs län;12;7
2026-05-23;Adecco;Norrbottens län;17;8
2026-05-23;Adecco;Skåne län;19;9
2026-05-23;Adecco;Stockholms län;25;24
2026-05-23;Adecco;Uppsala län;6;4
2026-05-23;Adecco;Värmlands län;9;3
2026-05-23;Adecco;Västerbottens län;5;1
2026-05-23;Adecco;Västernorrlands län;2;0
2026-05-23;Adecco;Västmanlands län;7;5
2026-05-23;Adecco;Västra Götalands län;21;11
2026-05-23;Adecco;Örebro län;1;1
2026-05-23;Adecco;Östergötlands län;10;5
2026-05-23;Perido;Dalarnas län;1;1
2026-05-23;Perido;Jönköpings län;1;0
2026-05-23;Perido;Stockholms län;14;10
2026-05-23;Perido;Västra Götalands län;8;7
2026-05-23;Perido;Östergötlands län;4;0
2026-05-23;Randstad;Gävleborgs län;4;3
2026-05-23;Randstad;Hallands län;1;0
2026-05-23;Randstad;Jönköpings län;14;4
2026-05-23;Randstad;Norrbottens län;5;1
2026-05-23;Randstad;Skåne län;9;4
2026-05-23;Randstad;Stockholms län;34;21
2026-05-23;Randstad;Södermanlands län;2;2
2026-05-23;Randstad;Uppsala län;10;5
2026-05-23;Randstad;Värmlands län;1;1
2026-05-23;Randstad;Västerbottens län;1;1
2026-05-23;Randstad;Västernorrlands län;2;0
2026-05-23;Randstad;Västmanlands län;2;1
2026-05-23;Randstad;Västra Götalands län;47;20
2026-05-23;Randstad;Örebro län;1;0
2026-05-23;Randstad;Östergötlands län;21;4
2026-05-23;Academic Work;Blekinge län;1;1
2026-05-23;Academic Work;Dalarnas län;9;3
2026-05-23;Academic Work;Gävleborgs län;9;4
2026-05-23;Academic Work;Hallands län;1;1
2026-05-23;Academic Work;Jämtlands län;8;2
2026-05-23;Academic Work;Jönköpings län;6;1
2026-05-23;Academic Work;Kalmar län;1;0
2026-05-23;Academic Work;Kronobergs län;2;1
2026-05-23;Academic Work;Norrbottens län;9;4
2026-05-23;Academic Work;Skåne län;53;26
2026-05-23;Academic Work;Stockholms län;133;51
2026-05-23;Academic Work;Södermanlands län;1;0
2026-05-23;Academic Work;Uppsala län;15;5
2026-05-23;Academic Work;Värmlands län;15;5
2026-05-23;Academic Work;Västerbottens län;14;7
2026-05-23;Academic Work;Västernorrlands län;8;4
2026-05-23;Academic Work;Västmanlands län;10;4
2026-05-23;Academic Work;Västra Götalands län;42;18
2026-05-23;Academic Work;Örebro län;23;9
2026-05-23;Academic Work;Östergötlands län;32;11
2026-05-23;Studentconsulting;Blekinge län;4;3
2026-05-23;Studentconsulting;Dalarnas län;6;4
2026-05-23;Studentconsulting;Gävleborgs län;1;1
2026-05-23;Studentconsulting;Hallands län;6;2
2026-05-23;Studentconsulting;Jämtlands län;1;1
2026-05-23;Studentconsulting;Jönköpings län;10;5
2026-05-23;Studentconsulting;Kronobergs län;17;9
2026-05-23;Studentconsulting;Norrbottens län;34;18
2026-05-23;Studentconsulting;Skåne län;46;22
2026-05-23;Studentconsulting;Stockholms län;22;10
2026-05-23;Studentconsulting;Södermanlands län;5;4
2026-05-23;Studentconsulting;Uppsala län;3;0
2026-05-23;Studentconsulting;Värmlands län;2;1
2026-05-23;Studentconsulting;Västerbottens län;7;4
2026-05-23;Studentconsulting;Västernorrlands län;6;4
2026-05-23;Studentconsulting;Västmanlands län;13;4
2026-05-23;Studentconsulting;Västra Götalands län;41;28
2026-05-23;Studentconsulting;Örebro län;5;3
2026-05-23;Studentconsulting;Östergötlands län;27;9
2026-05-23;Poolia;Dalarnas län;1;1
2026-05-23;Poolia;Gävleborgs län;1;1
2026-05-23;Poolia;Jämtlands län;1;0
2026-05-23;Poolia;Jönköpings län;1;0
2026-05-23;Poolia;Kalmar län;1;0
2026-05-23;Poolia;Norrbottens län;6;6
2026-05-23;Poolia;Skåne län;12;10
2026-05-23;Poolia;Stockholms län;19;17
2026-05-23;Poolia;Södermanlands län;1;1
2026-05-23;Poolia;Uppsala län;3;1
2026-05-23;Poolia;Västerbottens län;2;1
2026-05-23;Poolia;Västernorrlands län;1;0
2026-05-23;Poolia;Västmanlands län;2;2
2026-05-23;Poolia;Västra Götalands län;7;7
2026-05-23;Poolia;Örebro län;1;0
2026-05-23;Poolia;Östergötlands län;17;13
2026-05-23;Uniflex;Blekinge län;3;2
2026-05-23;Uniflex;Gävleborgs län;2;2
2026-05-23;Uniflex;Hallands län;5;1
2026-05-23;Uniflex;Jämtlands län;2;0
2026-05-23;Uniflex;Jönköpings län;28;15
2026-05-23;Uniflex;Kalmar län;3;1
2026-05-23;Uniflex;Kronobergs län;6;1
2026-05-23;Uniflex;Skåne län;19;14
2026-05-23;Uniflex;Stockholms län;25;25
2026-05-23;Uniflex;Södermanlands län;2;1
2026-05-23;Uniflex;Uppsala län;2;1
2026-05-23;Uniflex;Värmlands län;4;2
2026-05-23;Uniflex;Västerbottens län;3;3
2026-05-23;Uniflex;Västernorrlands län;9;6
2026-05-23;Uniflex;Västmanlands län;4;3
2026-05-23;Uniflex;Västra Götalands län;31;9
2026-05-23;Uniflex;Örebro län;10;5
2026-05-23;Uniflex;Östergötlands län;16;3
2026-05-23;OnePartnerGroup;Blekinge län;1;0
2026-05-23;OnePartnerGroup;Gotlands län;1;1
2026-05-23;OnePartnerGroup;Gävleborgs län;14;4
2026-05-23;OnePartnerGroup;Hallands län;4;2
2026-05-23;OnePartnerGroup;Jämtlands län;13;2
2026-05-23;OnePartnerGroup;Jönköpings län;32;16
2026-05-23;OnePartnerGroup;Kalmar län;7;6
2026-05-23;OnePartnerGroup;Kronobergs län;12;6
2026-05-23;OnePartnerGroup;Norrbottens län;5;3
2026-05-23;OnePartnerGroup;Skåne län;6;4
2026-05-23;OnePartnerGroup;Stockholms län;14;9
2026-05-23;OnePartnerGroup;Södermanlands län;1;1
2026-05-23;OnePartnerGroup;Uppsala län;2;0
2026-05-23;OnePartnerGroup;Västerbottens län;9;5
2026-05-23;OnePartnerGroup;Västernorrlands län;11;9
2026-05-23;OnePartnerGroup;Västra Götalands län;35;17
2026-05-23;OnePartnerGroup;Östergötlands län;6;3
2026-05-23;Skill;Blekinge län;1;0
2026-05-23;Skill;Jönköpings län;2;0
2026-05-23;Skill;Kalmar län;1;0
2026-05-23;Skill;Stockholms län;1;1
2026-05-23;Skill;Västmanlands län;2;0
2026-05-23;Skill;Västra Götalands län;16;6
2026-05-23;Skill;Örebro län;1;1
2026-05-23;Skill;Östergötlands län;58;29
2026-05-23;Arena Personal;Blekinge län;1;1
2026-05-23;Arena Personal;Jämtlands län;1;1
2026-05-23;Arena Personal;Jönköpings län;2;2
2026-05-23;Arena Personal;Kronobergs län;1;1
2026-05-23;Arena Personal;Norrbottens län;2;1
2026-05-23;Arena Personal;Skåne län;9;7
2026-05-23;Arena Personal;Stockholms län;29;16
2026-05-23;Arena Personal;Södermanlands län;33;20
2026-05-23;Arena Personal;Uppsala län;3;1
2026-05-23;Arena Personal;Västerbottens län;2;1
2026-05-23;Arena Personal;Västernorrlands län;1;1
2026-05-23;Arena Personal;Västmanlands län;4;3
2026-05-23;Arena Personal;Västra Götalands län;8;1
2026-05-23;Arena Personal;Örebro län;6;5
2026-05-23;Arena Personal;Östergötlands län;5;3
2026-05-23;Tranpenad;Jönköpings län;2;2
2026-05-23;Tranpenad;Stockholms län;6;2
2026-05-23;Tranpenad;Södermanlands län;1;0
2026-05-23;Tranpenad;Uppsala län;5;1
2026-05-23;Tranpenad;Västra Götalands län;21;2
2026-05-23;Tranpenad;Östergötlands län;3;1
2026-05-23;Jobandtalent;Blekinge län;1;0
2026-05-23;Jobandtalent;Hallands län;11;5
2026-05-23;Jobandtalent;Jönköpings län;10;6
2026-05-23;Jobandtalent;Kalmar län;1;1
2026-05-23;Jobandtalent;Kronobergs län;2;0
2026-05-23;Jobandtalent;Norrbottens län;2;0
2026-05-23;Jobandtalent;Skåne län;15;11
2026-05-23;Jobandtalent;Stockholms län;10;7
2026-05-23;Jobandtalent;Södermanlands län;3;0
2026-05-23;Jobandtalent;Uppsala län;1;1
2026-05-23;Jobandtalent;Värmlands län;3;3
2026-05-23;Jobandtalent;Västerbottens län;3;1
2026-05-23;Jobandtalent;Västernorrlands län;3;3
2026-05-23;Jobandtalent;Västmanlands län;1;0
2026-05-23;Jobandtalent;Västra Götalands län;20;13
2026-05-23;Jobandtalent;Örebro län;3;2
2026-05-23;Jobandtalent;Östergötlands län;39;9
2026-05-23;NearYou;Hallands län;3;3
2026-05-23;NearYou;Jönköpings län;10;10
2026-05-23;NearYou;Kalmar län;6;4
2026-05-23;NearYou;Skåne län;2;1
2026-05-23;NearYou;Västra Götalands län;61;28
2026-05-23;NearYou;Örebro län;2;2
2026-05-23;SJR;Kronobergs län;1;0
2026-05-23;SJR;Skåne län;2;1
2026-05-23;SJR;Stockholms län;15;10
2026-05-23;SJR;Uppsala län;4;2
2026-05-23;SJR;Västra Götalands län;5;5
2026-05-23;Clockwork;Dalarnas län;19;10
2026-05-23;Clockwork;Gävleborgs län;8;6
2026-05-23;Clockwork;Jönköpings län;2;2
2026-05-23;Clockwork;Stockholms län;12;8
2026-05-23;Clockwork;Södermanlands län;1;1
2026-05-23;Clockwork;Uppsala län;1;1
2026-05-23;Clockwork;Västerbottens län;4;3
2026-05-23;Clockwork;Västmanlands län;5;2
2026-05-23;Clockwork;Västra Götalands län;2;2
2026-05-23;Logent;Hallands län;5;0
2026-05-23;Logent;Skåne län;13;4
2026-05-23;Logent;Stockholms län;7;6
2026-05-23;Logent;Västra Götalands län;8;2
2026-05-23;Bemannia;Dalarnas län;1;1
2026-05-23;Bemannia;Gävleborgs län;1;1
2026-05-23;Bemannia;Hallands län;1;1
2026-05-23;Bemannia;Jämtlands län;1;1
2026-05-23;Bemannia;Stockholms län;16;9
2026-05-23;Bemannia;Södermanlands län;2;2
2026-05-23;Bemannia;Uppsala län;1;1
2026-05-23;Bemannia;Västernorrlands län;1;1
2026-05-23;Bemannia;Västra Götalands län;4;2
2026-05-23;Bemannia;Örebro län;1;1
2026-05-23;Framtiden i Sverige;Blekinge län;2;0
2026-05-23;Framtiden i Sverige;Dalarnas län;8;3
2026-05-23;Framtiden i Sverige;Gotlands län;2;2
2026-05-23;Framtiden i Sverige;Gävleborgs län;1;1
2026-05-23;Framtiden i Sverige;Hallands län;4;3
2026-05-23;Framtiden i Sverige;Jönköpings län;15;3
2026-05-23;Framtiden i Sverige;Kalmar län;4;0
2026-05-23;Framtiden i Sverige;Norrbottens län;4;2
2026-05-23;Framtiden i Sverige;Skåne län;11;3
2026-05-23;Framtiden i Sverige;Stockholms län;27;10
2026-05-23;Framtiden i Sverige;Södermanlands län;2;0
2026-05-23;Framtiden i Sverige;Uppsala län;3;1
2026-05-23;Framtiden i Sverige;Värmlands län;7;1
2026-05-23;Framtiden i Sverige;Västernorrlands län;1;1
2026-05-23;Framtiden i Sverige;Västmanlands län;8;1
2026-05-23;Framtiden i Sverige;Västra Götalands län;24;11
2026-05-23;Framtiden i Sverige;Örebro län;6;2
2026-05-23;Framtiden i Sverige;Östergötlands län;39;17
2026-05-23;Professionals Nord;Jämtlands län;2;2
2026-05-23;Professionals Nord;Norrbottens län;68;32
2026-05-23;Professionals Nord;Skåne län;3;2
2026-05-23;Professionals Nord;Stockholms län;16;10
2026-05-23;Professionals Nord;Södermanlands län;3;0
2026-05-23;Professionals Nord;Uppsala län;1;0
2026-05-23;Professionals Nord;Värmlands län;2;1
2026-05-23;Professionals Nord;Västerbottens län;12;3
2026-05-23;Professionals Nord;Västernorrlands län;9;1
2026-05-23;Professionals Nord;Västmanlands län;9;0
2026-05-23;Professionals Nord;Västra Götalands län;16;5
2026-05-23;Professionals Nord;Örebro län;6;5
2026-05-23;Professionals Nord;Östergötlands län;15;6
2026-05-23;Bravura;Gävleborgs län;2;1
2026-05-23;Bravura;Hallands län;1;1
2026-05-23;Bravura;Jämtlands län;1;1
2026-05-23;Bravura;Jönköpings län;10;5
2026-05-23;Bravura;Kalmar län;1;1
2026-05-23;Bravura;Kronobergs län;3;1
2026-05-23;Bravura;Norrbottens län;2;0
2026-05-23;Bravura;Skåne län;22;9
2026-05-23;Bravura;Stockholms län;61;19
2026-05-23;Bravura;Södermanlands län;2;0
2026-05-23;Bravura;Uppsala län;2;1
2026-05-23;Bravura;Värmlands län;1;1
2026-05-23;Bravura;Västerbottens län;1;1
2026-05-23;Bravura;Västernorrlands län;6;4
2026-05-23;Bravura;Västmanlands län;3;1
2026-05-23;Bravura;Västra Götalands län;21;11
2026-05-23;Bravura;Örebro län;1;1
2026-05-23;Bravura;Östergötlands län;9;4
2026-05-23;Jurek;Dalarnas län;1;1
2026-05-23;Jurek;Gävleborgs län;1;1
2026-05-23;Jurek;Jönköpings län;1;1
2026-05-23;Jurek;Skåne län;1;0
2026-05-23;Jurek;Stockholms län;20;9
2026-05-23;Jurek;Uppsala län;2;1
2026-05-23;Jurek;Västra Götalands län;9;2
2026-05-23;TNG Group;Kronobergs län;3;1
2026-05-23;TNG Group;Skåne län;6;2
2026-05-23;TNG Group;Stockholms län;28;15
2026-05-23;TNG Group;Södermanlands län;1;0
2026-05-23;TNG Group;Västmanlands län;1;0
2026-05-23;TNG Group;Västra Götalands län;9;4
2026-05-23;TNG Group;Örebro län;3;1
2026-05-23;TNG Group;Östergötlands län;1;0
2026-05-23;Eterni Sweden;Blekinge län;1;1
2026-05-23;Eterni Sweden;Hallands län;2;2
2026-05-23;Eterni Sweden;Jönköpings län;18;11
2026-05-23;Eterni Sweden;Kalmar län;9;4
2026-05-23;Eterni Sweden;Kronobergs län;22;22
2026-05-23;Eterni Sweden;Skåne län;9;6
2026-05-23;Eterni Sweden;Stockholms län;5;5
2026-05-23;Eterni Sweden;Värmlands län;9;6
2026-05-23;Eterni Sweden;Västmanlands län;1;1
2026-05-23;Eterni Sweden;Västra Götalands län;11;7
2026-05-23;Eterni Sweden;Östergötlands län;3;0
2026-05-23;Friday;Blekinge län;3;1
2026-05-23;Friday;Hallands län;2;2
2026-05-23;Friday;Jönköpings län;2;0
2026-05-23;Friday;Kronobergs län;3;1
2026-05-23;Friday;Skåne län;19;7
2026-05-23;Friday;Stockholms län;32;11
2026-05-23;Friday;Södermanlands län;1;1
2026-05-23;Friday;Västmanlands län;1;0
2026-05-23;Friday;Västra Götalands län;43;10
2026-05-23;Friday;Örebro län;6;2
2026-05-23;Friday;Östergötlands län;23;7
2026-05-23;Gazella;Stockholms län;3;3
2026-05-23;Insitepart;Jönköpings län;7;3
2026-05-23;Insitepart;Kronobergs län;1;1
2026-05-23;Insitepart;Skåne län;2;1
2026-05-23;Insitepart;Stockholms län;9;5
2026-05-23;Insitepart;Södermanlands län;1;0
2026-05-23;Insitepart;Västra Götalands län;2;2
2026-05-23;Insitepart;Örebro län;3;1
2026-05-23;Wikan Personal;Blekinge län;2;1
2026-05-23;Wikan Personal;Dalarnas län;2;1
2026-05-23;Wikan Personal;Gävleborgs län;10;7
2026-05-23;Wikan Personal;Jönköpings län;8;4
2026-05-23;Wikan Personal;Kalmar län;1;0
2026-05-23;Wikan Personal;Kronobergs län;9;7
2026-05-23;Wikan Personal;Norrbottens län;1;1
2026-05-23;Wikan Personal;Skåne län;29;21
2026-05-23;Wikan Personal;Västerbottens län;12;8
2026-05-23;Wikan Personal;Västernorrlands län;1;1
2026-05-23;Konsultia;Dalarnas län;1;0
2026-05-23;Konsultia;Gävleborgs län;4;4
2026-05-23;Konsultia;Hallands län;2;0
2026-05-23;Konsultia;Jönköpings län;4;1
2026-05-23;Konsultia;Norrbottens län;13;5
2026-05-23;Konsultia;Skåne län;4;1
2026-05-23;Konsultia;Södermanlands län;1;1
2026-05-23;Konsultia;Västerbottens län;5;1
2026-05-23;Konsultia;Västernorrlands län;3;2
2026-05-23;Konsultia;Västmanlands län;1;0
2026-05-23;Konsultia;Västra Götalands län;15;8
2026-05-23;Konsultia;Örebro län;2;0
2026-05-24;Manpower;Blekinge län;2;1
2026-05-24;Manpower;Dalarnas län;3;3
2026-05-24;Manpower;Gävleborgs län;1;1
2026-05-24;Manpower;Jönköpings län;2;1
2026-05-24;Manpower;Skåne län;7;5
2026-05-24;Manpower;Stockholms län;8;3
2026-05-24;Manpower;Södermanlands län;1;1
2026-05-24;Manpower;Uppsala län;2;1
2026-05-24;Manpower;Värmlands län;3;2
2026-05-24;Manpower;Västernorrlands län;4;1
2026-05-24;Manpower;Västmanlands län;3;2
2026-05-24;Manpower;Västra Götalands län;15;7
2026-05-24;Manpower;Östergötlands län;2;1
2026-05-24;Lernia;Blekinge län;6;1
2026-05-24;Lernia;Dalarnas län;2;2
2026-05-24;Lernia;Gävleborgs län;5;3
2026-05-24;Lernia;Hallands län;35;5
2026-05-24;Lernia;Jämtlands län;2;1
2026-05-24;Lernia;Jönköpings län;14;4
2026-05-24;Lernia;Kalmar län;10;6
2026-05-24;Lernia;Kronobergs län;4;4
2026-05-24;Lernia;Norrbottens län;6;3
2026-05-24;Lernia;Skåne län;14;8
2026-05-24;Lernia;Stockholms län;5;1
2026-05-24;Lernia;Södermanlands län;5;2
2026-05-24;Lernia;Uppsala län;7;3
2026-05-24;Lernia;Västerbottens län;7;2
2026-05-24;Lernia;Västmanlands län;2;0
2026-05-24;Lernia;Västra Götalands län;47;25
2026-05-24;Lernia;Örebro län;2;1
2026-05-24;Lernia;Östergötlands län;7;2
2026-05-24;Adecco;Blekinge län;2;1
2026-05-24;Adecco;Dalarnas län;4;0
2026-05-24;Adecco;Hallands län;9;5
2026-05-24;Adecco;Jönköpings län;10;7
2026-05-24;Adecco;Kalmar län;2;1
2026-05-24;Adecco;Kronobergs län;12;7
2026-05-24;Adecco;Norrbottens län;17;8
2026-05-24;Adecco;Skåne län;17;9
2026-05-24;Adecco;Stockholms län;25;24
2026-05-24;Adecco;Uppsala län;6;4
2026-05-24;Adecco;Värmlands län;9;3
2026-05-24;Adecco;Västerbottens län;5;1
2026-05-24;Adecco;Västernorrlands län;2;0
2026-05-24;Adecco;Västmanlands län;7;5
2026-05-24;Adecco;Västra Götalands län;21;11
2026-05-24;Adecco;Örebro län;1;1
2026-05-24;Adecco;Östergötlands län;10;5
2026-05-24;Perido;Dalarnas län;1;1
2026-05-24;Perido;Jönköpings län;1;0
2026-05-24;Perido;Stockholms län;14;10
2026-05-24;Perido;Västra Götalands län;8;7
2026-05-24;Perido;Östergötlands län;4;0
2026-05-24;Randstad;Gävleborgs län;4;3
2026-05-24;Randstad;Hallands län;1;0
2026-05-24;Randstad;Jönköpings län;14;4
2026-05-24;Randstad;Norrbottens län;5;1
2026-05-24;Randstad;Skåne län;9;4
2026-05-24;Randstad;Stockholms län;34;21
2026-05-24;Randstad;Södermanlands län;2;2
2026-05-24;Randstad;Uppsala län;10;5
2026-05-24;Randstad;Värmlands län;1;1
2026-05-24;Randstad;Västerbottens län;1;1
2026-05-24;Randstad;Västernorrlands län;2;0
2026-05-24;Randstad;Västmanlands län;2;1
2026-05-24;Randstad;Västra Götalands län;47;20
2026-05-24;Randstad;Örebro län;1;0
2026-05-24;Randstad;Östergötlands län;21;4
2026-05-24;Academic Work;Blekinge län;1;1
2026-05-24;Academic Work;Dalarnas län;9;3
2026-05-24;Academic Work;Gävleborgs län;7;4
2026-05-24;Academic Work;Hallands län;1;1
2026-05-24;Academic Work;Jämtlands län;8;2
2026-05-24;Academic Work;Jönköpings län;6;1
2026-05-24;Academic Work;Kalmar län;1;0
2026-05-24;Academic Work;Kronobergs län;2;1
2026-05-24;Academic Work;Norrbottens län;9;4
2026-05-24;Academic Work;Skåne län;53;26
2026-05-24;Academic Work;Stockholms län;132;51
2026-05-24;Academic Work;Södermanlands län;1;0
2026-05-24;Academic Work;Uppsala län;15;5
2026-05-24;Academic Work;Värmlands län;15;5
2026-05-24;Academic Work;Västerbottens län;14;7
2026-05-24;Academic Work;Västernorrlands län;8;4
2026-05-24;Academic Work;Västmanlands län;10;4
2026-05-24;Academic Work;Västra Götalands län;42;18
2026-05-24;Academic Work;Örebro län;23;9
2026-05-24;Academic Work;Östergötlands län;32;11
2026-05-24;Studentconsulting;Blekinge län;4;3
2026-05-24;Studentconsulting;Dalarnas län;6;4
2026-05-24;Studentconsulting;Gävleborgs län;1;1
2026-05-24;Studentconsulting;Hallands län;6;2
2026-05-24;Studentconsulting;Jämtlands län;1;1
2026-05-24;Studentconsulting;Jönköpings län;10;5
2026-05-24;Studentconsulting;Kronobergs län;17;9
2026-05-24;Studentconsulting;Norrbottens län;34;18
2026-05-24;Studentconsulting;Skåne län;46;22
2026-05-24;Studentconsulting;Stockholms län;22;10
2026-05-24;Studentconsulting;Södermanlands län;5;4
2026-05-24;Studentconsulting;Uppsala län;3;0
2026-05-24;Studentconsulting;Värmlands län;2;1
2026-05-24;Studentconsulting;Västerbottens län;7;4
2026-05-24;Studentconsulting;Västernorrlands län;6;4
2026-05-24;Studentconsulting;Västmanlands län;13;4
2026-05-24;Studentconsulting;Västra Götalands län;41;28
2026-05-24;Studentconsulting;Örebro län;4;2
2026-05-24;Studentconsulting;Östergötlands län;27;9
2026-05-24;Poolia;Dalarnas län;1;1
2026-05-24;Poolia;Gävleborgs län;1;1
2026-05-24;Poolia;Jämtlands län;1;0
2026-05-24;Poolia;Jönköpings län;1;0
2026-05-24;Poolia;Kalmar län;1;0
2026-05-24;Poolia;Norrbottens län;6;6
2026-05-24;Poolia;Skåne län;12;10
2026-05-24;Poolia;Stockholms län;18;16
2026-05-24;Poolia;Södermanlands län;1;1
2026-05-24;Poolia;Uppsala län;2;0
2026-05-24;Poolia;Västerbottens län;2;1
2026-05-24;Poolia;Västernorrlands län;1;0
2026-05-24;Poolia;Västmanlands län;2;2
2026-05-24;Poolia;Västra Götalands län;6;6
2026-05-24;Poolia;Örebro län;1;0
2026-05-24;Poolia;Östergötlands län;17;13
2026-05-24;Uniflex;Blekinge län;3;2
2026-05-24;Uniflex;Gävleborgs län;2;2
2026-05-24;Uniflex;Hallands län;5;1
2026-05-24;Uniflex;Jämtlands län;2;0
2026-05-24;Uniflex;Jönköpings län;26;15
2026-05-24;Uniflex;Kalmar län;3;1
2026-05-24;Uniflex;Kronobergs län;6;1
2026-05-24;Uniflex;Skåne län;16;13
2026-05-24;Uniflex;Stockholms län;25;25
2026-05-24;Uniflex;Södermanlands län;2;1
2026-05-24;Uniflex;Uppsala län;2;1
2026-05-24;Uniflex;Värmlands län;3;2
2026-05-24;Uniflex;Västerbottens län;3;3
2026-05-24;Uniflex;Västernorrlands län;9;6
2026-05-24;Uniflex;Västmanlands län;4;3
2026-05-24;Uniflex;Västra Götalands län;31;9
2026-05-24;Uniflex;Örebro län;10;5
2026-05-24;Uniflex;Östergötlands län;16;3
2026-05-24;OnePartnerGroup;Blekinge län;1;0
2026-05-24;OnePartnerGroup;Gotlands län;1;1
2026-05-24;OnePartnerGroup;Gävleborgs län;13;4
2026-05-24;OnePartnerGroup;Hallands län;4;2
2026-05-24;OnePartnerGroup;Jämtlands län;13;2
2026-05-24;OnePartnerGroup;Jönköpings län;32;16
2026-05-24;OnePartnerGroup;Kalmar län;7;6
2026-05-24;OnePartnerGroup;Kronobergs län;12;6
2026-05-24;OnePartnerGroup;Norrbottens län;5;3
2026-05-24;OnePartnerGroup;Skåne län;6;4
2026-05-24;OnePartnerGroup;Stockholms län;13;9
2026-05-24;OnePartnerGroup;Södermanlands län;1;1
2026-05-24;OnePartnerGroup;Uppsala län;2;0
2026-05-24;OnePartnerGroup;Västerbottens län;9;5
2026-05-24;OnePartnerGroup;Västernorrlands län;11;9
2026-05-24;OnePartnerGroup;Västra Götalands län;35;17
2026-05-24;OnePartnerGroup;Östergötlands län;6;3
2026-05-24;Skill;Blekinge län;1;0
2026-05-24;Skill;Jönköpings län;2;0
2026-05-24;Skill;Kalmar län;1;0
2026-05-24;Skill;Stockholms län;1;1
2026-05-24;Skill;Västmanlands län;2;0
2026-05-24;Skill;Västra Götalands län;16;6
2026-05-24;Skill;Örebro län;1;1
2026-05-24;Skill;Östergötlands län;58;29
2026-05-24;Arena Personal;Blekinge län;1;1
2026-05-24;Arena Personal;Jämtlands län;1;1
2026-05-24;Arena Personal;Jönköpings län;2;2
2026-05-24;Arena Personal;Kronobergs län;1;1
2026-05-24;Arena Personal;Norrbottens län;2;1
2026-05-24;Arena Personal;Skåne län;9;7
2026-05-24;Arena Personal;Stockholms län;29;16
2026-05-24;Arena Personal;Södermanlands län;33;20
2026-05-24;Arena Personal;Uppsala län;3;1
2026-05-24;Arena Personal;Västerbottens län;2;1
2026-05-24;Arena Personal;Västernorrlands län;1;1
2026-05-24;Arena Personal;Västmanlands län;4;3
2026-05-24;Arena Personal;Västra Götalands län;8;1
2026-05-24;Arena Personal;Örebro län;6;5
2026-05-24;Arena Personal;Östergötlands län;5;3
2026-05-24;Tranpenad;Jönköpings län;2;2
2026-05-24;Tranpenad;Stockholms län;6;2
2026-05-24;Tranpenad;Södermanlands län;1;0
2026-05-24;Tranpenad;Uppsala län;5;1
2026-05-24;Tranpenad;Västra Götalands län;21;2
2026-05-24;Tranpenad;Östergötlands län;3;1
2026-05-24;Jobandtalent;Blekinge län;1;0
2026-05-24;Jobandtalent;Hallands län;11;5
2026-05-24;Jobandtalent;Jönköpings län;10;6
2026-05-24;Jobandtalent;Kalmar län;1;1
2026-05-24;Jobandtalent;Kronobergs län;2;0
2026-05-24;Jobandtalent;Norrbottens län;2;0
2026-05-24;Jobandtalent;Skåne län;15;11
2026-05-24;Jobandtalent;Stockholms län;10;7
2026-05-24;Jobandtalent;Södermanlands län;3;0
2026-05-24;Jobandtalent;Uppsala län;1;1
2026-05-24;Jobandtalent;Värmlands län;3;3
2026-05-24;Jobandtalent;Västerbottens län;3;1
2026-05-24;Jobandtalent;Västernorrlands län;3;3
2026-05-24;Jobandtalent;Västmanlands län;1;0
2026-05-24;Jobandtalent;Västra Götalands län;20;13
2026-05-24;Jobandtalent;Örebro län;3;2
2026-05-24;Jobandtalent;Östergötlands län;39;9
2026-05-24;NearYou;Hallands län;3;3
2026-05-24;NearYou;Jönköpings län;10;10
2026-05-24;NearYou;Kalmar län;6;4
2026-05-24;NearYou;Skåne län;1;1
2026-05-24;NearYou;Västra Götalands län;57;28
2026-05-24;NearYou;Örebro län;2;2
2026-05-24;SJR;Kronobergs län;1;0
2026-05-24;SJR;Skåne län;2;1
2026-05-24;SJR;Stockholms län;15;10
2026-05-24;SJR;Uppsala län;4;2
2026-05-24;SJR;Västra Götalands län;5;5
2026-05-24;Clockwork;Dalarnas län;19;10
2026-05-24;Clockwork;Gävleborgs län;8;6
2026-05-24;Clockwork;Jönköpings län;2;2
2026-05-24;Clockwork;Stockholms län;11;8
2026-05-24;Clockwork;Södermanlands län;1;1
2026-05-24;Clockwork;Uppsala län;1;1
2026-05-24;Clockwork;Västerbottens län;4;3
2026-05-24;Clockwork;Västmanlands län;5;2
2026-05-24;Clockwork;Västra Götalands län;2;2
2026-05-24;Logent;Hallands län;5;0
2026-05-24;Logent;Skåne län;13;4
2026-05-24;Logent;Stockholms län;7;6
2026-05-24;Logent;Västra Götalands län;8;2
2026-05-24;Bemannia;Dalarnas län;1;1
2026-05-24;Bemannia;Gävleborgs län;1;1
2026-05-24;Bemannia;Hallands län;1;1
2026-05-24;Bemannia;Jämtlands län;1;1
2026-05-24;Bemannia;Stockholms län;16;9
2026-05-24;Bemannia;Södermanlands län;2;2
2026-05-24;Bemannia;Uppsala län;1;1
2026-05-24;Bemannia;Västernorrlands län;1;1
2026-05-24;Bemannia;Västra Götalands län;4;2
2026-05-24;Bemannia;Örebro län;1;1
2026-05-24;Framtiden i Sverige;Blekinge län;2;0
2026-05-24;Framtiden i Sverige;Dalarnas län;8;3
2026-05-24;Framtiden i Sverige;Gotlands län;2;2
2026-05-24;Framtiden i Sverige;Gävleborgs län;1;1
2026-05-24;Framtiden i Sverige;Hallands län;4;3
2026-05-24;Framtiden i Sverige;Jönköpings län;15;3
2026-05-24;Framtiden i Sverige;Kalmar län;4;0
2026-05-24;Framtiden i Sverige;Norrbottens län;4;2
2026-05-24;Framtiden i Sverige;Skåne län;9;3
2026-05-24;Framtiden i Sverige;Stockholms län;27;10
2026-05-24;Framtiden i Sverige;Södermanlands län;2;0
2026-05-24;Framtiden i Sverige;Uppsala län;3;1
2026-05-24;Framtiden i Sverige;Värmlands län;7;1
2026-05-24;Framtiden i Sverige;Västernorrlands län;1;1
2026-05-24;Framtiden i Sverige;Västmanlands län;8;1
2026-05-24;Framtiden i Sverige;Västra Götalands län;21;11
2026-05-24;Framtiden i Sverige;Örebro län;6;2
2026-05-24;Framtiden i Sverige;Östergötlands län;39;17
2026-05-24;Professionals Nord;Jämtlands län;2;2
2026-05-24;Professionals Nord;Norrbottens län;66;32
2026-05-24;Professionals Nord;Skåne län;3;2
2026-05-24;Professionals Nord;Stockholms län;16;10
2026-05-24;Professionals Nord;Södermanlands län;3;0
2026-05-24;Professionals Nord;Uppsala län;1;0
2026-05-24;Professionals Nord;Värmlands län;2;1
2026-05-24;Professionals Nord;Västerbottens län;12;3
2026-05-24;Professionals Nord;Västernorrlands län;9;1
2026-05-24;Professionals Nord;Västmanlands län;9;0
2026-05-24;Professionals Nord;Västra Götalands län;16;5
2026-05-24;Professionals Nord;Örebro län;6;5
2026-05-24;Professionals Nord;Östergötlands län;15;6
2026-05-24;Bravura;Gävleborgs län;2;1
2026-05-24;Bravura;Hallands län;1;1
2026-05-24;Bravura;Jämtlands län;1;1
2026-05-24;Bravura;Jönköpings län;10;5
2026-05-24;Bravura;Kalmar län;1;1
2026-05-24;Bravura;Kronobergs län;3;1
2026-05-24;Bravura;Norrbottens län;2;0
2026-05-24;Bravura;Skåne län;22;9
2026-05-24;Bravura;Stockholms län;61;19
2026-05-24;Bravura;Södermanlands län;2;0
2026-05-24;Bravura;Uppsala län;2;1
2026-05-24;Bravura;Värmlands län;1;1
2026-05-24;Bravura;Västerbottens län;1;1
2026-05-24;Bravura;Västernorrlands län;6;4
2026-05-24;Bravura;Västmanlands län;3;1
2026-05-24;Bravura;Västra Götalands län;21;11
2026-05-24;Bravura;Örebro län;1;1
2026-05-24;Bravura;Östergötlands län;9;4
2026-05-24;Jurek;Dalarnas län;1;1
2026-05-24;Jurek;Gävleborgs län;1;1
2026-05-24;Jurek;Jönköpings län;1;1
2026-05-24;Jurek;Skåne län;1;0
2026-05-24;Jurek;Stockholms län;20;9
2026-05-24;Jurek;Uppsala län;2;1
2026-05-24;Jurek;Västra Götalands län;9;2
2026-05-24;TNG Group;Kronobergs län;3;1
2026-05-24;TNG Group;Skåne län;6;2
2026-05-24;TNG Group;Stockholms län;27;15
2026-05-24;TNG Group;Södermanlands län;1;0
2026-05-24;TNG Group;Västmanlands län;1;0
2026-05-24;TNG Group;Västra Götalands län;9;4
2026-05-24;TNG Group;Örebro län;3;1
2026-05-24;TNG Group;Östergötlands län;1;0
2026-05-24;Eterni Sweden;Blekinge län;1;1
2026-05-24;Eterni Sweden;Hallands län;2;2
2026-05-24;Eterni Sweden;Jönköpings län;18;11
2026-05-24;Eterni Sweden;Kalmar län;9;4
2026-05-24;Eterni Sweden;Kronobergs län;22;22
2026-05-24;Eterni Sweden;Skåne län;9;6
2026-05-24;Eterni Sweden;Stockholms län;5;5
2026-05-24;Eterni Sweden;Värmlands län;9;6
2026-05-24;Eterni Sweden;Västmanlands län;1;1
2026-05-24;Eterni Sweden;Västra Götalands län;11;7
2026-05-24;Eterni Sweden;Östergötlands län;3;0
2026-05-24;Friday;Blekinge län;3;1
2026-05-24;Friday;Hallands län;2;2
2026-05-24;Friday;Jönköpings län;2;0
2026-05-24;Friday;Kronobergs län;3;1
2026-05-24;Friday;Skåne län;19;7
2026-05-24;Friday;Stockholms län;32;11
2026-05-24;Friday;Södermanlands län;1;1
2026-05-24;Friday;Västmanlands län;1;0
2026-05-24;Friday;Västra Götalands län;43;10
2026-05-24;Friday;Örebro län;6;2
2026-05-24;Friday;Östergötlands län;23;7
2026-05-24;Gazella;Stockholms län;3;3
2026-05-24;Insitepart;Jönköpings län;7;3
2026-05-24;Insitepart;Kronobergs län;1;1
2026-05-24;Insitepart;Skåne län;2;1
2026-05-24;Insitepart;Stockholms län;9;5
2026-05-24;Insitepart;Södermanlands län;1;0
2026-05-24;Insitepart;Västra Götalands län;2;2
2026-05-24;Insitepart;Örebro län;3;1
2026-05-24;Wikan Personal;Blekinge län;2;1
2026-05-24;Wikan Personal;Dalarnas län;2;1
2026-05-24;Wikan Personal;Gävleborgs län;9;7
2026-05-24;Wikan Personal;Jönköpings län;8;4
2026-05-24;Wikan Personal;Kalmar län;1;0
2026-05-24;Wikan Personal;Kronobergs län;9;7
2026-05-24;Wikan Personal;Norrbottens län;1;1
2026-05-24;Wikan Personal;Skåne län;29;21
2026-05-24;Wikan Personal;Västerbottens län;12;8
2026-05-24;Wikan Personal;Västernorrlands län;1;1
2026-05-24;Konsultia;Dalarnas län;1;0
2026-05-24;Konsultia;Gävleborgs län;4;4
2026-05-24;Konsultia;Hallands län;2;0
2026-05-24;Konsultia;Jönköpings län;3;1
2026-05-24;Konsultia;Norrbottens län;13;5
2026-05-24;Konsultia;Skåne län;4;1
2026-05-24;Konsultia;Södermanlands län;1;1
2026-05-24;Konsultia;Västerbottens län;5;1
2026-05-24;Konsultia;Västernorrlands län;3;2
2026-05-24;Konsultia;Västmanlands län;1;0
2026-05-24;Konsultia;Västra Götalands län;15;8
2026-05-24;Konsultia;Örebro län;2;0
2026-05-25;Manpower;Blekinge län;2;1
2026-05-25;Manpower;Dalarnas län;3;3
2026-05-25;Manpower;Gävleborgs län;1;1
2026-05-25;Manpower;Jönköpings län;2;1
2026-05-25;Manpower;Skåne län;7;5
2026-05-25;Manpower;Stockholms län;8;3
2026-05-25;Manpower;Södermanlands län;1;1
2026-05-25;Manpower;Uppsala län;2;1
2026-05-25;Manpower;Värmlands län;3;2
2026-05-25;Manpower;Västernorrlands län;4;1
2026-05-25;Manpower;Västmanlands län;3;2
2026-05-25;Manpower;Västra Götalands län;15;7
2026-05-25;Manpower;Östergötlands län;2;1
2026-05-25;Lernia;Blekinge län;6;1
2026-05-25;Lernia;Dalarnas län;2;2
2026-05-25;Lernia;Gävleborgs län;5;3
2026-05-25;Lernia;Hallands län;34;5
2026-05-25;Lernia;Jämtlands län;2;1
2026-05-25;Lernia;Jönköpings län;14;4
2026-05-25;Lernia;Kalmar län;10;6
2026-05-25;Lernia;Kronobergs län;4;4
2026-05-25;Lernia;Norrbottens län;6;3
2026-05-25;Lernia;Skåne län;12;8
2026-05-25;Lernia;Stockholms län;5;1
2026-05-25;Lernia;Södermanlands län;4;2
2026-05-25;Lernia;Uppsala län;7;3
2026-05-25;Lernia;Västerbottens län;4;2
2026-05-25;Lernia;Västmanlands län;2;0
2026-05-25;Lernia;Västra Götalands län;44;24
2026-05-25;Lernia;Örebro län;2;1
2026-05-25;Lernia;Östergötlands län;7;2
2026-05-25;Adecco;Blekinge län;1;1
2026-05-25;Adecco;Dalarnas län;4;0
2026-05-25;Adecco;Hallands län;9;5
2026-05-25;Adecco;Jönköpings län;9;7
2026-05-25;Adecco;Kalmar län;1;0
2026-05-25;Adecco;Kronobergs län;12;7
2026-05-25;Adecco;Norrbottens län;17;8
2026-05-25;Adecco;Skåne län;17;9
2026-05-25;Adecco;Stockholms län;25;24
2026-05-25;Adecco;Uppsala län;4;3
2026-05-25;Adecco;Värmlands län;7;3
2026-05-25;Adecco;Västerbottens län;5;1
2026-05-25;Adecco;Västernorrlands län;2;0
2026-05-25;Adecco;Västmanlands län;6;5
2026-05-25;Adecco;Västra Götalands län;22;12
2026-05-25;Adecco;Örebro län;1;1
2026-05-25;Adecco;Östergötlands län;9;4
2026-05-25;Perido;Dalarnas län;1;1
2026-05-25;Perido;Jönköpings län;1;0
2026-05-25;Perido;Stockholms län;14;10
2026-05-25;Perido;Västra Götalands län;8;7
2026-05-25;Perido;Östergötlands län;4;0
2026-05-25;Randstad;Gävleborgs län;2;1
2026-05-25;Randstad;Hallands län;1;0
2026-05-25;Randstad;Jönköpings län;14;4
2026-05-25;Randstad;Norrbottens län;5;1
2026-05-25;Randstad;Skåne län;9;4
2026-05-25;Randstad;Stockholms län;33;21
2026-05-25;Randstad;Södermanlands län;2;2
2026-05-25;Randstad;Uppsala län;9;5
2026-05-25;Randstad;Värmlands län;1;1
2026-05-25;Randstad;Västernorrlands län;1;0
2026-05-25;Randstad;Västmanlands län;2;1
2026-05-25;Randstad;Västra Götalands län;46;20
2026-05-25;Randstad;Östergötlands län;21;4
2026-05-25;Academic Work;Blekinge län;1;1
2026-05-25;Academic Work;Dalarnas län;8;3
2026-05-25;Academic Work;Gävleborgs län;7;4
2026-05-25;Academic Work;Hallands län;1;1
2026-05-25;Academic Work;Jämtlands län;8;2
2026-05-25;Academic Work;Jönköpings län;6;1
2026-05-25;Academic Work;Kalmar län;1;0
2026-05-25;Academic Work;Kronobergs län;2;1
2026-05-25;Academic Work;Norrbottens län;9;4
2026-05-25;Academic Work;Skåne län;50;26
2026-05-25;Academic Work;Stockholms län;130;51
2026-05-25;Academic Work;Södermanlands län;1;0
2026-05-25;Academic Work;Uppsala län;15;5
2026-05-25;Academic Work;Värmlands län;15;5
2026-05-25;Academic Work;Västerbottens län;14;7
2026-05-25;Academic Work;Västernorrlands län;8;4
2026-05-25;Academic Work;Västmanlands län;10;4
2026-05-25;Academic Work;Västra Götalands län;41;18
2026-05-25;Academic Work;Örebro län;23;10
2026-05-25;Academic Work;Östergötlands län;32;11
2026-05-25;Studentconsulting;Blekinge län;3;3
2026-05-25;Studentconsulting;Dalarnas län;6;4
2026-05-25;Studentconsulting;Gävleborgs län;1;1
2026-05-25;Studentconsulting;Hallands län;6;2
2026-05-25;Studentconsulting;Jämtlands län;1;1
2026-05-25;Studentconsulting;Jönköpings län;9;5
2026-05-25;Studentconsulting;Kronobergs län;17;9
2026-05-25;Studentconsulting;Norrbottens län;30;18
2026-05-25;Studentconsulting;Skåne län;45;22
2026-05-25;Studentconsulting;Stockholms län;21;10
2026-05-25;Studentconsulting;Södermanlands län;5;4
2026-05-25;Studentconsulting;Uppsala län;3;0
2026-05-25;Studentconsulting;Värmlands län;2;1
2026-05-25;Studentconsulting;Västerbottens län;7;4
2026-05-25;Studentconsulting;Västernorrlands län;5;4
2026-05-25;Studentconsulting;Västmanlands län;13;4
2026-05-25;Studentconsulting;Västra Götalands län;40;28
2026-05-25;Studentconsulting;Örebro län;4;2
2026-05-25;Studentconsulting;Östergötlands län;24;9
2026-05-25;Poolia;Dalarnas län;1;1
2026-05-25;Poolia;Gävleborgs län;1;1
2026-05-25;Poolia;Jämtlands län;1;0
2026-05-25;Poolia;Jönköpings län;1;0
2026-05-25;Poolia;Kalmar län;1;0
2026-05-25;Poolia;Norrbottens län;6;6
2026-05-25;Poolia;Skåne län;12;10
2026-05-25;Poolia;Stockholms län;18;16
2026-05-25;Poolia;Södermanlands län;1;1
2026-05-25;Poolia;Uppsala län;2;0
2026-05-25;Poolia;Västerbottens län;2;1
2026-05-25;Poolia;Västernorrlands län;1;0
2026-05-25;Poolia;Västmanlands län;2;2
2026-05-25;Poolia;Västra Götalands län;6;6
2026-05-25;Poolia;Örebro län;1;0
2026-05-25;Poolia;Östergötlands län;17;13
2026-05-25;Uniflex;Blekinge län;3;2
2026-05-25;Uniflex;Gävleborgs län;2;2
2026-05-25;Uniflex;Hallands län;5;1
2026-05-25;Uniflex;Jämtlands län;2;0
2026-05-25;Uniflex;Jönköpings län;26;15
2026-05-25;Uniflex;Kalmar län;3;1
2026-05-25;Uniflex;Kronobergs län;6;1
2026-05-25;Uniflex;Skåne län;16;13
2026-05-25;Uniflex;Stockholms län;25;25
2026-05-25;Uniflex;Södermanlands län;2;1
2026-05-25;Uniflex;Uppsala län;1;1
2026-05-25;Uniflex;Värmlands län;3;2
2026-05-25;Uniflex;Västerbottens län;3;3
2026-05-25;Uniflex;Västernorrlands län;9;6
2026-05-25;Uniflex;Västmanlands län;4;3
2026-05-25;Uniflex;Västra Götalands län;30;9
2026-05-25;Uniflex;Örebro län;9;4
2026-05-25;Uniflex;Östergötlands län;15;3
2026-05-25;OnePartnerGroup;Blekinge län;1;0
2026-05-25;OnePartnerGroup;Gotlands län;1;1
2026-05-25;OnePartnerGroup;Gävleborgs län;11;4
2026-05-25;OnePartnerGroup;Hallands län;4;2
2026-05-25;OnePartnerGroup;Jämtlands län;13;2
2026-05-25;OnePartnerGroup;Jönköpings län;29;16
2026-05-25;OnePartnerGroup;Kalmar län;6;6
2026-05-25;OnePartnerGroup;Kronobergs län;12;6
2026-05-25;OnePartnerGroup;Norrbottens län;5;3
2026-05-25;OnePartnerGroup;Skåne län;6;4
2026-05-25;OnePartnerGroup;Stockholms län;13;9
2026-05-25;OnePartnerGroup;Södermanlands län;1;1
2026-05-25;OnePartnerGroup;Uppsala län;2;0
2026-05-25;OnePartnerGroup;Västerbottens län;9;5
2026-05-25;OnePartnerGroup;Västernorrlands län;11;9
2026-05-25;OnePartnerGroup;Västra Götalands län;29;15
2026-05-25;OnePartnerGroup;Östergötlands län;6;3
2026-05-25;Skill;Blekinge län;1;0
2026-05-25;Skill;Jönköpings län;2;0
2026-05-25;Skill;Kalmar län;1;0
2026-05-25;Skill;Stockholms län;1;1
2026-05-25;Skill;Västmanlands län;2;0
2026-05-25;Skill;Västra Götalands län;13;6
2026-05-25;Skill;Örebro län;1;1
2026-05-25;Skill;Östergötlands län;51;29
2026-05-25;Arena Personal;Blekinge län;1;1
2026-05-25;Arena Personal;Jämtlands län;1;1
2026-05-25;Arena Personal;Jönköpings län;2;2
2026-05-25;Arena Personal;Kronobergs län;1;1
2026-05-25;Arena Personal;Norrbottens län;2;1
2026-05-25;Arena Personal;Skåne län;9;7
2026-05-25;Arena Personal;Stockholms län;29;16
2026-05-25;Arena Personal;Södermanlands län;32;19
2026-05-25;Arena Personal;Uppsala län;2;0
2026-05-25;Arena Personal;Västerbottens län;2;1
2026-05-25;Arena Personal;Västernorrlands län;1;1
2026-05-25;Arena Personal;Västmanlands län;4;3
2026-05-25;Arena Personal;Västra Götalands län;8;1
2026-05-25;Arena Personal;Örebro län;6;5
2026-05-25;Arena Personal;Östergötlands län;5;3
2026-05-25;Tranpenad;Jönköpings län;2;2
2026-05-25;Tranpenad;Stockholms län;6;2
2026-05-25;Tranpenad;Södermanlands län;1;0
2026-05-25;Tranpenad;Uppsala län;5;1
2026-05-25;Tranpenad;Västra Götalands län;21;2
2026-05-25;Tranpenad;Östergötlands län;3;1
2026-05-25;Jobandtalent;Blekinge län;1;0
2026-05-25;Jobandtalent;Hallands län;10;5
2026-05-25;Jobandtalent;Jönköpings län;10;6
2026-05-25;Jobandtalent;Kalmar län;1;1
2026-05-25;Jobandtalent;Kronobergs län;2;0
2026-05-25;Jobandtalent;Norrbottens län;2;0
2026-05-25;Jobandtalent;Skåne län;15;11
2026-05-25;Jobandtalent;Stockholms län;10;6
2026-05-25;Jobandtalent;Södermanlands län;3;0
2026-05-25;Jobandtalent;Uppsala län;1;1
2026-05-25;Jobandtalent;Värmlands län;3;3
2026-05-25;Jobandtalent;Västerbottens län;3;1
2026-05-25;Jobandtalent;Västernorrlands län;3;3
2026-05-25;Jobandtalent;Västmanlands län;1;0
2026-05-25;Jobandtalent;Västra Götalands län;19;12
2026-05-25;Jobandtalent;Örebro län;3;2
2026-05-25;Jobandtalent;Östergötlands län;39;9
2026-05-25;NearYou;Hallands län;3;3
2026-05-25;NearYou;Jönköpings län;10;10
2026-05-25;NearYou;Kalmar län;6;4
2026-05-25;NearYou;Skåne län;1;1
2026-05-25;NearYou;Västra Götalands län;57;28
2026-05-25;NearYou;Örebro län;2;2
2026-05-25;SJR;Kronobergs län;1;0
2026-05-25;SJR;Skåne län;2;1
2026-05-25;SJR;Stockholms län;15;9
2026-05-25;SJR;Uppsala län;4;2
2026-05-25;SJR;Västra Götalands län;5;5
2026-05-25;Clockwork;Dalarnas län;19;10
2026-05-25;Clockwork;Gävleborgs län;8;6
2026-05-25;Clockwork;Jönköpings län;2;2
2026-05-25;Clockwork;Stockholms län;11;8
2026-05-25;Clockwork;Södermanlands län;1;1
2026-05-25;Clockwork;Uppsala län;1;1
2026-05-25;Clockwork;Västerbottens län;4;3
2026-05-25;Clockwork;Västmanlands län;5;2
2026-05-25;Clockwork;Västra Götalands län;2;2
2026-05-25;Logent;Hallands län;5;0
2026-05-25;Logent;Skåne län;13;4
2026-05-25;Logent;Stockholms län;7;6
2026-05-25;Logent;Västra Götalands län;8;2
2026-05-25;Bemannia;Dalarnas län;1;1
2026-05-25;Bemannia;Gävleborgs län;1;1
2026-05-25;Bemannia;Hallands län;1;1
2026-05-25;Bemannia;Jämtlands län;1;1
2026-05-25;Bemannia;Stockholms län;16;9
2026-05-25;Bemannia;Södermanlands län;2;2
2026-05-25;Bemannia;Uppsala län;1;1
2026-05-25;Bemannia;Västernorrlands län;1;1
2026-05-25;Bemannia;Västra Götalands län;4;2
2026-05-25;Bemannia;Örebro län;1;1
2026-05-25;Framtiden i Sverige;Blekinge län;2;0
2026-05-25;Framtiden i Sverige;Dalarnas län;8;3
2026-05-25;Framtiden i Sverige;Gotlands län;2;2
2026-05-25;Framtiden i Sverige;Gävleborgs län;1;1
2026-05-25;Framtiden i Sverige;Hallands län;4;3
2026-05-25;Framtiden i Sverige;Jönköpings län;13;3
2026-05-25;Framtiden i Sverige;Kalmar län;4;0
2026-05-25;Framtiden i Sverige;Norrbottens län;3;2
2026-05-25;Framtiden i Sverige;Skåne län;8;3
2026-05-25;Framtiden i Sverige;Stockholms län;27;9
2026-05-25;Framtiden i Sverige;Södermanlands län;2;0
2026-05-25;Framtiden i Sverige;Uppsala län;3;1
2026-05-25;Framtiden i Sverige;Värmlands län;7;1
2026-05-25;Framtiden i Sverige;Västernorrlands län;1;1
2026-05-25;Framtiden i Sverige;Västmanlands län;8;1
2026-05-25;Framtiden i Sverige;Västra Götalands län;21;11
2026-05-25;Framtiden i Sverige;Örebro län;4;2
2026-05-25;Framtiden i Sverige;Östergötlands län;37;17
2026-05-25;Professionals Nord;Jämtlands län;2;2
2026-05-25;Professionals Nord;Norrbottens län;62;29
2026-05-25;Professionals Nord;Skåne län;3;2
2026-05-25;Professionals Nord;Stockholms län;16;10
2026-05-25;Professionals Nord;Södermanlands län;3;0
2026-05-25;Professionals Nord;Uppsala län;1;0
2026-05-25;Professionals Nord;Värmlands län;2;1
2026-05-25;Professionals Nord;Västerbottens län;10;3
2026-05-25;Professionals Nord;Västernorrlands län;9;1
2026-05-25;Professionals Nord;Västmanlands län;9;0
2026-05-25;Professionals Nord;Västra Götalands län;16;5
2026-05-25;Professionals Nord;Örebro län;6;5
2026-05-25;Professionals Nord;Östergötlands län;10;6
2026-05-25;Bravura;Gävleborgs län;2;1
2026-05-25;Bravura;Hallands län;1;1
2026-05-25;Bravura;Jämtlands län;1;1
2026-05-25;Bravura;Jönköpings län;10;5
2026-05-25;Bravura;Kalmar län;1;1
2026-05-25;Bravura;Kronobergs län;3;1
2026-05-25;Bravura;Norrbottens län;2;0
2026-05-25;Bravura;Skåne län;22;9
2026-05-25;Bravura;Stockholms län;61;19
2026-05-25;Bravura;Södermanlands län;2;0
2026-05-25;Bravura;Uppsala län;2;1
2026-05-25;Bravura;Värmlands län;1;1
2026-05-25;Bravura;Västerbottens län;1;1
2026-05-25;Bravura;Västernorrlands län;5;4
2026-05-25;Bravura;Västmanlands län;3;1
2026-05-25;Bravura;Västra Götalands län;21;11
2026-05-25;Bravura;Örebro län;1;1
2026-05-25;Bravura;Östergötlands län;9;4
2026-05-25;Jurek;Dalarnas län;1;1
2026-05-25;Jurek;Gävleborgs län;1;1
2026-05-25;Jurek;Jönköpings län;1;1
2026-05-25;Jurek;Skåne län;1;0
2026-05-25;Jurek;Stockholms län;20;9
2026-05-25;Jurek;Uppsala län;2;1
2026-05-25;Jurek;Västra Götalands län;9;2
2026-05-25;TNG Group;Kronobergs län;3;1
2026-05-25;TNG Group;Skåne län;6;2
2026-05-25;TNG Group;Stockholms län;26;15
2026-05-25;TNG Group;Södermanlands län;1;0
2026-05-25;TNG Group;Västmanlands län;1;0
2026-05-25;TNG Group;Västra Götalands län;8;4
2026-05-25;TNG Group;Örebro län;2;1
2026-05-25;TNG Group;Östergötlands län;1;0
2026-05-25;Eterni Sweden;Blekinge län;1;1
2026-05-25;Eterni Sweden;Hallands län;2;2
2026-05-25;Eterni Sweden;Jönköpings län;17;10
2026-05-25;Eterni Sweden;Kalmar län;8;3
2026-05-25;Eterni Sweden;Kronobergs län;20;20
2026-05-25;Eterni Sweden;Skåne län;8;6
2026-05-25;Eterni Sweden;Stockholms län;5;5
2026-05-25;Eterni Sweden;Värmlands län;8;6
2026-05-25;Eterni Sweden;Västmanlands län;1;1
2026-05-25;Eterni Sweden;Västra Götalands län;11;7
2026-05-25;Eterni Sweden;Östergötlands län;3;0
2026-05-25;Friday;Blekinge län;3;1
2026-05-25;Friday;Hallands län;2;2
2026-05-25;Friday;Jönköpings län;2;0
2026-05-25;Friday;Kronobergs län;3;1
2026-05-25;Friday;Skåne län;19;7
2026-05-25;Friday;Stockholms län;32;11
2026-05-25;Friday;Södermanlands län;1;1
2026-05-25;Friday;Västmanlands län;1;0
2026-05-25;Friday;Västra Götalands län;41;9
2026-05-25;Friday;Örebro län;6;2
2026-05-25;Friday;Östergötlands län;22;7
2026-05-25;Gazella;Stockholms län;3;3
2026-05-25;Insitepart;Jönköpings län;7;3
2026-05-25;Insitepart;Kronobergs län;1;1
2026-05-25;Insitepart;Skåne län;2;1
2026-05-25;Insitepart;Stockholms län;9;5
2026-05-25;Insitepart;Södermanlands län;1;0
2026-05-25;Insitepart;Västra Götalands län;2;2
2026-05-25;Insitepart;Örebro län;3;1
2026-05-25;Wikan Personal;Blekinge län;2;1
2026-05-25;Wikan Personal;Dalarnas län;2;1
2026-05-25;Wikan Personal;Gävleborgs län;9;7
2026-05-25;Wikan Personal;Jönköpings län;8;4
2026-05-25;Wikan Personal;Kalmar län;1;0
2026-05-25;Wikan Personal;Kronobergs län;9;7
2026-05-25;Wikan Personal;Norrbottens län;1;1
2026-05-25;Wikan Personal;Skåne län;29;21
2026-05-25;Wikan Personal;Västerbottens län;12;8
2026-05-25;Wikan Personal;Västernorrlands län;1;1
2026-05-25;Konsultia;Dalarnas län;1;0
2026-05-25;Konsultia;Gävleborgs län;4;4
2026-05-25;Konsultia;Jönköpings län;1;1
2026-05-25;Konsultia;Norrbottens län;15;7
2026-05-25;Konsultia;Skåne län;2;1
2026-05-25;Konsultia;Södermanlands län;1;1
2026-05-25;Konsultia;Västerbottens län;5;1
2026-05-25;Konsultia;Västernorrlands län;3;2
2026-05-25;Konsultia;Västra Götalands län;12;8
2026-05-25;Konsultia;Örebro län;2;0
2026-05-26;Manpower;Blekinge län;2;1
2026-05-26;Manpower;Dalarnas län;4;4
2026-05-26;Manpower;Gävleborgs län;1;0
2026-05-26;Manpower;Jönköpings län;3;2
2026-05-26;Manpower;Skåne län;6;5
2026-05-26;Manpower;Stockholms län;8;3
2026-05-26;Manpower;Södermanlands län;1;1
2026-05-26;Manpower;Uppsala län;2;1
2026-05-26;Manpower;Värmlands län;3;2
2026-05-26;Manpower;Västerbottens län;1;1
2026-05-26;Manpower;Västernorrlands län;3;0
2026-05-26;Manpower;Västmanlands län;3;2
2026-05-26;Manpower;Västra Götalands län;15;7
2026-05-26;Manpower;Östergötlands län;2;1
2026-05-26;Lernia;Blekinge län;5;1
2026-05-26;Lernia;Dalarnas län;2;2
2026-05-26;Lernia;Gävleborgs län;6;4
2026-05-26;Lernia;Hallands län;35;5
2026-05-26;Lernia;Jämtlands län;2;1
2026-05-26;Lernia;Jönköpings län;13;3
2026-05-26;Lernia;Kalmar län;10;5
2026-05-26;Lernia;Kronobergs län;4;4
2026-05-26;Lernia;Norrbottens län;5;3
2026-05-26;Lernia;Skåne län;12;8
2026-05-26;Lernia;Stockholms län;6;2
2026-05-26;Lernia;Södermanlands län;4;2
2026-05-26;Lernia;Uppsala län;7;2
2026-05-26;Lernia;Västerbottens län;4;2
2026-05-26;Lernia;Västmanlands län;3;1
2026-05-26;Lernia;Västra Götalands län;43;24
2026-05-26;Lernia;Örebro län;2;1
2026-05-26;Lernia;Östergötlands län;8;3
2026-05-26;Adecco;Blekinge län;1;1
2026-05-26;Adecco;Dalarnas län;4;0
2026-05-26;Adecco;Hallands län;9;5
2026-05-26;Adecco;Jönköpings län;11;6
2026-05-26;Adecco;Kalmar län;1;0
2026-05-26;Adecco;Kronobergs län;11;6
2026-05-26;Adecco;Norrbottens län;17;8
2026-05-26;Adecco;Skåne län;18;9
2026-05-26;Adecco;Stockholms län;25;23
2026-05-26;Adecco;Uppsala län;4;3
2026-05-26;Adecco;Värmlands län;7;3
2026-05-26;Adecco;Västerbottens län;5;1
2026-05-26;Adecco;Västernorrlands län;2;1
2026-05-26;Adecco;Västmanlands län;6;5
2026-05-26;Adecco;Västra Götalands län;24;15
2026-05-26;Adecco;Örebro län;1;0
2026-05-26;Adecco;Östergötlands län;9;4
2026-05-26;Perido;Dalarnas län;1;1
2026-05-26;Perido;Jönköpings län;1;0
2026-05-26;Perido;Stockholms län;16;12
2026-05-26;Perido;Västra Götalands län;8;7
2026-05-26;Perido;Östergötlands län;4;0
2026-05-26;Randstad;Gävleborgs län;3;2
2026-05-26;Randstad;Hallands län;1;0
2026-05-26;Randstad;Jönköpings län;14;4
2026-05-26;Randstad;Norrbottens län;5;1
2026-05-26;Randstad;Skåne län;9;5
2026-05-26;Randstad;Stockholms län;33;20
2026-05-26;Randstad;Södermanlands län;4;4
2026-05-26;Randstad;Uppsala län;10;6
2026-05-26;Randstad;Värmlands län;2;2
2026-05-26;Randstad;Västernorrlands län;1;0
2026-05-26;Randstad;Västmanlands län;2;1
2026-05-26;Randstad;Västra Götalands län;47;22
2026-05-26;Randstad;Östergötlands län;22;5
2026-05-26;Academic Work;Blekinge län;1;1
2026-05-26;Academic Work;Dalarnas län;8;3
2026-05-26;Academic Work;Gävleborgs län;7;4
2026-05-26;Academic Work;Hallands län;1;1
2026-05-26;Academic Work;Jämtlands län;8;2
2026-05-26;Academic Work;Jönköpings län;5;1
2026-05-26;Academic Work;Kalmar län;1;0
2026-05-26;Academic Work;Kronobergs län;3;1
2026-05-26;Academic Work;Norrbottens län;9;4
2026-05-26;Academic Work;Skåne län;48;25
2026-05-26;Academic Work;Stockholms län;125;54
2026-05-26;Academic Work;Södermanlands län;1;0
2026-05-26;Academic Work;Uppsala län;12;4
2026-05-26;Academic Work;Värmlands län;15;4
2026-05-26;Academic Work;Västerbottens län;12;5
2026-05-26;Academic Work;Västernorrlands län;8;5
2026-05-26;Academic Work;Västmanlands län;8;3
2026-05-26;Academic Work;Västra Götalands län;38;19
2026-05-26;Academic Work;Örebro län;21;9
2026-05-26;Academic Work;Östergötlands län;32;10
2026-05-26;Studentconsulting;Blekinge län;3;2
2026-05-26;Studentconsulting;Dalarnas län;6;4
2026-05-26;Studentconsulting;Gävleborgs län;1;1
2026-05-26;Studentconsulting;Hallands län;6;1
2026-05-26;Studentconsulting;Jämtlands län;1;1
2026-05-26;Studentconsulting;Jönköpings län;8;3
2026-05-26;Studentconsulting;Kronobergs län;17;7
2026-05-26;Studentconsulting;Norrbottens län;33;17
2026-05-26;Studentconsulting;Skåne län;47;26
2026-05-26;Studentconsulting;Stockholms län;27;15
2026-05-26;Studentconsulting;Södermanlands län;5;4
2026-05-26;Studentconsulting;Uppsala län;2;0
2026-05-26;Studentconsulting;Värmlands län;2;1
2026-05-26;Studentconsulting;Västerbottens län;8;4
2026-05-26;Studentconsulting;Västernorrlands län;6;5
2026-05-26;Studentconsulting;Västmanlands län;13;4
2026-05-26;Studentconsulting;Västra Götalands län;39;23
2026-05-26;Studentconsulting;Örebro län;5;3
2026-05-26;Studentconsulting;Östergötlands län;24;8
2026-05-26;Poolia;Blekinge län;1;1
2026-05-26;Poolia;Dalarnas län;1;1
2026-05-26;Poolia;Gävleborgs län;1;1
2026-05-26;Poolia;Jämtlands län;1;0
2026-05-26;Poolia;Jönköpings län;1;0
2026-05-26;Poolia;Kalmar län;1;0
2026-05-26;Poolia;Norrbottens län;5;5
2026-05-26;Poolia;Skåne län;13;10
2026-05-26;Poolia;Stockholms län;20;15
2026-05-26;Poolia;Södermanlands län;1;1
2026-05-26;Poolia;Uppsala län;2;0
2026-05-26;Poolia;Västerbottens län;2;1
2026-05-26;Poolia;Västmanlands län;3;2
2026-05-26;Poolia;Västra Götalands län;8;8
2026-05-26;Poolia;Örebro län;1;0
2026-05-26;Poolia;Östergötlands län;15;13
2026-05-26;Uniflex;Blekinge län;3;2
2026-05-26;Uniflex;Gävleborgs län;2;2
2026-05-26;Uniflex;Hallands län;4;1
2026-05-26;Uniflex;Jämtlands län;2;0
2026-05-26;Uniflex;Jönköpings län;26;14
2026-05-26;Uniflex;Kalmar län;3;1
2026-05-26;Uniflex;Kronobergs län;6;0
2026-05-26;Uniflex;Skåne län;15;11
2026-05-26;Uniflex;Stockholms län;25;25
2026-05-26;Uniflex;Södermanlands län;2;1
2026-05-26;Uniflex;Uppsala län;1;1
2026-05-26;Uniflex;Värmlands län;4;3
2026-05-26;Uniflex;Västerbottens län;2;2
2026-05-26;Uniflex;Västernorrlands län;9;6
2026-05-26;Uniflex;Västmanlands län;4;3
2026-05-26;Uniflex;Västra Götalands län;31;12
2026-05-26;Uniflex;Örebro län;10;2
2026-05-26;Uniflex;Östergötlands län;15;2
2026-05-26;OnePartnerGroup;Blekinge län;1;0
2026-05-26;OnePartnerGroup;Gotlands län;1;1
2026-05-26;OnePartnerGroup;Gävleborgs län;11;3
2026-05-26;OnePartnerGroup;Hallands län;4;2
2026-05-26;OnePartnerGroup;Jämtlands län;13;2
2026-05-26;OnePartnerGroup;Jönköpings län;31;15
2026-05-26;OnePartnerGroup;Kalmar län;8;8
2026-05-26;OnePartnerGroup;Kronobergs län;13;7
2026-05-26;OnePartnerGroup;Norrbottens län;8;5
2026-05-26;OnePartnerGroup;Skåne län;7;5
2026-05-26;OnePartnerGroup;Stockholms län;14;9
2026-05-26;OnePartnerGroup;Södermanlands län;1;1
2026-05-26;OnePartnerGroup;Uppsala län;2;0
2026-05-26;OnePartnerGroup;Västerbottens län;8;5
2026-05-26;OnePartnerGroup;Västernorrlands län;11;6
2026-05-26;OnePartnerGroup;Västra Götalands län;30;15
2026-05-26;OnePartnerGroup;Östergötlands län;7;4
2026-05-26;Skill;Blekinge län;1;0
2026-05-26;Skill;Jönköpings län;2;0
2026-05-26;Skill;Kalmar län;2;1
2026-05-26;Skill;Stockholms län;1;1
2026-05-26;Skill;Västmanlands län;2;0
2026-05-26;Skill;Västra Götalands län;13;6
2026-05-26;Skill;Örebro län;1;0
2026-05-26;Skill;Östergötlands län;51;26
2026-05-26;Arena Personal;Blekinge län;1;1
2026-05-26;Arena Personal;Jämtlands län;1;1
2026-05-26;Arena Personal;Jönköpings län;2;2
2026-05-26;Arena Personal;Kronobergs län;1;1
2026-05-26;Arena Personal;Norrbottens län;2;1
2026-05-26;Arena Personal;Skåne län;9;7
2026-05-26;Arena Personal;Stockholms län;29;16
2026-05-26;Arena Personal;Södermanlands län;33;21
2026-05-26;Arena Personal;Uppsala län;2;0
2026-05-26;Arena Personal;Västerbottens län;1;1
2026-05-26;Arena Personal;Västernorrlands län;1;1
2026-05-26;Arena Personal;Västmanlands län;4;3
2026-05-26;Arena Personal;Västra Götalands län;8;1
2026-05-26;Arena Personal;Örebro län;6;5
2026-05-26;Arena Personal;Östergötlands län;5;3
2026-05-26;Tranpenad;Jönköpings län;3;3
2026-05-26;Tranpenad;Skåne län;1;1
2026-05-26;Tranpenad;Stockholms län;6;0
2026-05-26;Tranpenad;Södermanlands län;3;3
2026-05-26;Tranpenad;Uppsala län;5;1
2026-05-26;Tranpenad;Västra Götalands län;21;2
2026-05-26;Tranpenad;Östergötlands län;3;1
2026-05-26;Jobandtalent;Blekinge län;1;0
2026-05-26;Jobandtalent;Hallands län;11;6
2026-05-26;Jobandtalent;Jönköpings län;9;6
2026-05-26;Jobandtalent;Kalmar län;1;1
2026-05-26;Jobandtalent;Kronobergs län;2;0
2026-05-26;Jobandtalent;Norrbottens län;3;1
2026-05-26;Jobandtalent;Skåne län;15;11
2026-05-26;Jobandtalent;Stockholms län;12;7
2026-05-26;Jobandtalent;Södermanlands län;4;1
2026-05-26;Jobandtalent;Uppsala län;1;1
2026-05-26;Jobandtalent;Värmlands län;3;3
2026-05-26;Jobandtalent;Västerbottens län;3;1
2026-05-26;Jobandtalent;Västernorrlands län;3;3
2026-05-26;Jobandtalent;Västmanlands län;1;0
2026-05-26;Jobandtalent;Västra Götalands län;20;13
2026-05-26;Jobandtalent;Örebro län;3;2
2026-05-26;Jobandtalent;Östergötlands län;36;7
2026-05-26;NearYou;Hallands län;4;4
2026-05-26;NearYou;Jönköpings län;10;9
2026-05-26;NearYou;Kalmar län;5;2
2026-05-26;NearYou;Skåne län;1;1
2026-05-26;NearYou;Västra Götalands län;56;25
2026-05-26;NearYou;Örebro län;2;2
2026-05-26;SJR;Kronobergs län;1;0
2026-05-26;SJR;Skåne län;2;1
2026-05-26;SJR;Stockholms län;15;7
2026-05-26;SJR;Uppsala län;4;1
2026-05-26;SJR;Västra Götalands län;5;4
2026-05-26;Clockwork;Dalarnas län;18;9
2026-05-26;Clockwork;Gävleborgs län;7;6
2026-05-26;Clockwork;Stockholms län;8;7
2026-05-26;Clockwork;Södermanlands län;1;1
2026-05-26;Clockwork;Uppsala län;1;1
2026-05-26;Clockwork;Västerbottens län;3;2
2026-05-26;Clockwork;Västmanlands län;4;2
2026-05-26;Clockwork;Västra Götalands län;1;1
2026-05-26;Logent;Hallands län;4;0
2026-05-26;Logent;Skåne län;12;3
2026-05-26;Logent;Stockholms län;7;5
2026-05-26;Logent;Västra Götalands län;8;2
2026-05-26;Bemannia;Dalarnas län;1;1
2026-05-26;Bemannia;Gävleborgs län;1;1
2026-05-26;Bemannia;Hallands län;2;2
2026-05-26;Bemannia;Jämtlands län;2;2
2026-05-26;Bemannia;Jönköpings län;1;1
2026-05-26;Bemannia;Skåne län;1;1
2026-05-26;Bemannia;Stockholms län;19;11
2026-05-26;Bemannia;Södermanlands län;2;2
2026-05-26;Bemannia;Västernorrlands län;1;1
2026-05-26;Bemannia;Västra Götalands län;5;3
2026-05-26;Bemannia;Örebro län;1;1
2026-05-26;Framtiden i Sverige;Blekinge län;2;0
2026-05-26;Framtiden i Sverige;Dalarnas län;9;4
2026-05-26;Framtiden i Sverige;Gotlands län;2;2
2026-05-26;Framtiden i Sverige;Gävleborgs län;2;2
2026-05-26;Framtiden i Sverige;Hallands län;4;2
2026-05-26;Framtiden i Sverige;Jönköpings län;14;3
2026-05-26;Framtiden i Sverige;Kalmar län;4;0
2026-05-26;Framtiden i Sverige;Norrbottens län;3;2
2026-05-26;Framtiden i Sverige;Skåne län;8;3
2026-05-26;Framtiden i Sverige;Stockholms län;24;7
2026-05-26;Framtiden i Sverige;Södermanlands län;2;0
2026-05-26;Framtiden i Sverige;Uppsala län;3;1
2026-05-26;Framtiden i Sverige;Värmlands län;8;2
2026-05-26;Framtiden i Sverige;Västernorrlands län;1;1
2026-05-26;Framtiden i Sverige;Västmanlands län;3;1
2026-05-26;Framtiden i Sverige;Västra Götalands län;21;10
2026-05-26;Framtiden i Sverige;Örebro län;4;2
2026-05-26;Framtiden i Sverige;Östergötlands län;38;15
2026-05-26;Professionals Nord;Jämtlands län;1;0
2026-05-26;Professionals Nord;Norrbottens län;67;27
2026-05-26;Professionals Nord;Skåne län;3;2
2026-05-26;Professionals Nord;Stockholms län;16;11
2026-05-26;Professionals Nord;Södermanlands län;3;0
2026-05-26;Professionals Nord;Uppsala län;1;0
2026-05-26;Professionals Nord;Värmlands län;1;1
2026-05-26;Professionals Nord;Västerbottens län;11;3
2026-05-26;Professionals Nord;Västernorrlands län;10;1
2026-05-26;Professionals Nord;Västmanlands län;8;0
2026-05-26;Professionals Nord;Västra Götalands län;17;6
2026-05-26;Professionals Nord;Örebro län;6;4
2026-05-26;Professionals Nord;Östergötlands län;13;9
2026-05-26;Bravura;Gävleborgs län;2;1
2026-05-26;Bravura;Hallands län;1;0
2026-05-26;Bravura;Jämtlands län;1;1
2026-05-26;Bravura;Jönköpings län;10;5
2026-05-26;Bravura;Kalmar län;1;1
2026-05-26;Bravura;Kronobergs län;3;1
2026-05-26;Bravura;Norrbottens län;2;0
2026-05-26;Bravura;Skåne län;22;9
2026-05-26;Bravura;Stockholms län;60;19
2026-05-26;Bravura;Södermanlands län;2;0
2026-05-26;Bravura;Uppsala län;2;1
2026-05-26;Bravura;Värmlands län;1;1
2026-05-26;Bravura;Västerbottens län;1;1
2026-05-26;Bravura;Västernorrlands län;5;4
2026-05-26;Bravura;Västmanlands län;3;1
2026-05-26;Bravura;Västra Götalands län;20;11
2026-05-26;Bravura;Örebro län;1;0
2026-05-26;Bravura;Östergötlands län;9;4
2026-05-26;Jurek;Dalarnas län;1;1
2026-05-26;Jurek;Gävleborgs län;1;1
2026-05-26;Jurek;Jönköpings län;1;1
2026-05-26;Jurek;Skåne län;1;0
2026-05-26;Jurek;Stockholms län;19;8
2026-05-26;Jurek;Uppsala län;2;1
2026-05-26;Jurek;Västra Götalands län;9;2
2026-05-26;TNG Group;Kronobergs län;3;1
2026-05-26;TNG Group;Skåne län;6;1
2026-05-26;TNG Group;Stockholms län;29;17
2026-05-26;TNG Group;Södermanlands län;1;0
2026-05-26;TNG Group;Västmanlands län;1;0
2026-05-26;TNG Group;Västra Götalands län;8;4
2026-05-26;TNG Group;Örebro län;2;1
2026-05-26;TNG Group;Östergötlands län;1;0
2026-05-26;Eterni Sweden;Blekinge län;1;1
2026-05-26;Eterni Sweden;Hallands län;2;2
2026-05-26;Eterni Sweden;Jönköpings län;18;11
2026-05-26;Eterni Sweden;Kalmar län;9;3
2026-05-26;Eterni Sweden;Kronobergs län;21;20
2026-05-26;Eterni Sweden;Skåne län;8;6
2026-05-26;Eterni Sweden;Stockholms län;5;5
2026-05-26;Eterni Sweden;Värmlands län;8;5
2026-05-26;Eterni Sweden;Västmanlands län;1;1
2026-05-26;Eterni Sweden;Västra Götalands län;12;8
2026-05-26;Eterni Sweden;Östergötlands län;3;0
2026-05-26;Friday;Blekinge län;3;1
2026-05-26;Friday;Hallands län;2;1
2026-05-26;Friday;Jönköpings län;2;0
2026-05-26;Friday;Kronobergs län;3;1
2026-05-26;Friday;Skåne län;20;7
2026-05-26;Friday;Stockholms län;32;11
2026-05-26;Friday;Södermanlands län;1;0
2026-05-26;Friday;Västmanlands län;1;0
2026-05-26;Friday;Västra Götalands län;41;9
2026-05-26;Friday;Örebro län;4;1
2026-05-26;Friday;Östergötlands län;22;5
2026-05-26;Gazella;Stockholms län;3;2
2026-05-26;Insitepart;Jönköpings län;7;3
2026-05-26;Insitepart;Kalmar län;1;1
2026-05-26;Insitepart;Kronobergs län;1;1
2026-05-26;Insitepart;Skåne län;2;1
2026-05-26;Insitepart;Stockholms län;13;9
2026-05-26;Insitepart;Södermanlands län;1;0
2026-05-26;Insitepart;Uppsala län;1;1
2026-05-26;Insitepart;Västra Götalands län;2;2
2026-05-26;Insitepart;Örebro län;3;1
2026-05-26;Wikan Personal;Blekinge län;1;0
2026-05-26;Wikan Personal;Dalarnas län;2;1
2026-05-26;Wikan Personal;Gävleborgs län;9;7
2026-05-26;Wikan Personal;Jönköpings län;7;4
2026-05-26;Wikan Personal;Kalmar län;1;0
2026-05-26;Wikan Personal;Kronobergs län;7;6
2026-05-26;Wikan Personal;Norrbottens län;1;1
2026-05-26;Wikan Personal;Skåne län;30;22
2026-05-26;Wikan Personal;Västerbottens län;9;6
2026-05-26;Wikan Personal;Västernorrlands län;1;1
2026-05-26;Konsultia;Dalarnas län;2;1
2026-05-26;Konsultia;Gävleborgs län;4;4
2026-05-26;Konsultia;Jönköpings län;1;1
2026-05-26;Konsultia;Norrbottens län;15;6
2026-05-26;Konsultia;Skåne län;2;1
2026-05-26;Konsultia;Södermanlands län;2;2
2026-05-26;Konsultia;Västerbottens län;5;0
2026-05-26;Konsultia;Västernorrlands län;3;1
2026-05-26;Konsultia;Västra Götalands län;15;10
2026-05-26;Konsultia;Örebro län;2;0
2026-05-27;Manpower;Blekinge län;2;1
2026-05-27;Manpower;Dalarnas län;4;4
2026-05-27;Manpower;Gävleborgs län;1;0
2026-05-27;Manpower;Jämtlands län;1;1
2026-05-27;Manpower;Jönköpings län;3;2
2026-05-27;Manpower;Skåne län;6;4
2026-05-27;Manpower;Stockholms län;7;3
2026-05-27;Manpower;Södermanlands län;1;1
2026-05-27;Manpower;Uppsala län;1;1
2026-05-27;Manpower;Värmlands län;3;2
2026-05-27;Manpower;Västerbottens län;1;1
2026-05-27;Manpower;Västernorrlands län;3;0
2026-05-27;Manpower;Västmanlands län;3;2
2026-05-27;Manpower;Västra Götalands län;15;6
2026-05-27;Manpower;Östergötlands län;2;1
2026-05-27;Lernia;Blekinge län;6;2
2026-05-27;Lernia;Dalarnas län;1;1
2026-05-27;Lernia;Gävleborgs län;6;3
2026-05-27;Lernia;Hallands län;35;5
2026-05-27;Lernia;Jämtlands län;2;1
2026-05-27;Lernia;Jönköpings län;13;2
2026-05-27;Lernia;Kalmar län;10;4
2026-05-27;Lernia;Kronobergs län;4;4
2026-05-27;Lernia;Norrbottens län;5;3
2026-05-27;Lernia;Skåne län;13;8
2026-05-27;Lernia;Stockholms län;6;2
2026-05-27;Lernia;Södermanlands län;4;2
2026-05-27;Lernia;Uppsala län;7;1
2026-05-27;Lernia;Västerbottens län;4;2
2026-05-27;Lernia;Västmanlands län;3;1
2026-05-27;Lernia;Västra Götalands län;43;24
2026-05-27;Lernia;Örebro län;1;1
2026-05-27;Lernia;Östergötlands län;8;3
2026-05-27;Adecco;Blekinge län;1;1
2026-05-27;Adecco;Dalarnas län;4;0
2026-05-27;Adecco;Hallands län;9;4
2026-05-27;Adecco;Jönköpings län;12;7
2026-05-27;Adecco;Kalmar län;1;0
2026-05-27;Adecco;Kronobergs län;10;5
2026-05-27;Adecco;Norrbottens län;15;7
2026-05-27;Adecco;Skåne län;19;9
2026-05-27;Adecco;Stockholms län;26;24
2026-05-27;Adecco;Uppsala län;4;4
2026-05-27;Adecco;Värmlands län;7;3
2026-05-27;Adecco;Västerbottens län;5;1
2026-05-27;Adecco;Västernorrlands län;2;1
2026-05-27;Adecco;Västmanlands län;5;4
2026-05-27;Adecco;Västra Götalands län;25;17
2026-05-27;Adecco;Örebro län;1;0
2026-05-27;Adecco;Östergötlands län;8;3
2026-05-27;Perido;Dalarnas län;1;0
2026-05-27;Perido;Jönköpings län;1;0
2026-05-27;Perido;Stockholms län;16;11
2026-05-27;Perido;Västra Götalands län;9;8
2026-05-27;Perido;Östergötlands län;4;0
2026-05-27;Randstad;Gävleborgs län;3;2
2026-05-27;Randstad;Hallands län;1;0
2026-05-27;Randstad;Jönköpings län;14;3
2026-05-27;Randstad;Norrbottens län;4;1
2026-05-27;Randstad;Skåne län;9;5
2026-05-27;Randstad;Stockholms län;33;19
2026-05-27;Randstad;Södermanlands län;4;4
2026-05-27;Randstad;Uppsala län;10;6
2026-05-27;Randstad;Värmlands län;2;2
2026-05-27;Randstad;Västerbottens län;1;1
2026-05-27;Randstad;Västernorrlands län;1;0
2026-05-27;Randstad;Västmanlands län;3;2
2026-05-27;Randstad;Västra Götalands län;48;22
2026-05-27;Randstad;Östergötlands län;22;5
2026-05-27;Academic Work;Blekinge län;1;1
2026-05-27;Academic Work;Dalarnas län;8;3
2026-05-27;Academic Work;Gävleborgs län;7;3
2026-05-27;Academic Work;Hallands län;1;1
2026-05-27;Academic Work;Jämtlands län;8;2
2026-05-27;Academic Work;Jönköpings län;5;0
2026-05-27;Academic Work;Kalmar län;1;0
2026-05-27;Academic Work;Kronobergs län;3;1
2026-05-27;Academic Work;Norrbottens län;9;4
2026-05-27;Academic Work;Skåne län;50;24
2026-05-27;Academic Work;Stockholms län;122;53
2026-05-27;Academic Work;Södermanlands län;1;0
2026-05-27;Academic Work;Uppsala län;13;6
2026-05-27;Academic Work;Värmlands län;14;4
2026-05-27;Academic Work;Västerbottens län;13;5
2026-05-27;Academic Work;Västernorrlands län;9;4
2026-05-27;Academic Work;Västmanlands län;8;4
2026-05-27;Academic Work;Västra Götalands län;44;23
2026-05-27;Academic Work;Örebro län;24;12
2026-05-27;Academic Work;Östergötlands län;31;10
2026-05-27;Studentconsulting;Blekinge län;3;1
2026-05-27;Studentconsulting;Dalarnas län;6;4
2026-05-27;Studentconsulting;Gävleborgs län;1;1
2026-05-27;Studentconsulting;Hallands län;6;0
2026-05-27;Studentconsulting;Jämtlands län;1;1
2026-05-27;Studentconsulting;Jönköpings län;8;3
2026-05-27;Studentconsulting;Kronobergs län;16;6
2026-05-27;Studentconsulting;Norrbottens län;33;15
2026-05-27;Studentconsulting;Skåne län;51;29
2026-05-27;Studentconsulting;Stockholms län;30;18
2026-05-27;Studentconsulting;Södermanlands län;5;3
2026-05-27;Studentconsulting;Uppsala län;2;0
2026-05-27;Studentconsulting;Värmlands län;2;1
2026-05-27;Studentconsulting;Västerbottens län;8;4
2026-05-27;Studentconsulting;Västernorrlands län;6;5
2026-05-27;Studentconsulting;Västmanlands län;13;4
2026-05-27;Studentconsulting;Västra Götalands län;42;24
2026-05-27;Studentconsulting;Örebro län;5;3
2026-05-27;Studentconsulting;Östergötlands län;24;8
2026-05-27;Poolia;Blekinge län;1;1
2026-05-27;Poolia;Dalarnas län;2;2
2026-05-27;Poolia;Gävleborgs län;1;1
2026-05-27;Poolia;Jämtlands län;1;0
2026-05-27;Poolia;Jönköpings län;1;0
2026-05-27;Poolia;Kalmar län;1;0
2026-05-27;Poolia;Norrbottens län;5;5
2026-05-27;Poolia;Skåne län;14;8
2026-05-27;Poolia;Stockholms län;21;17
2026-05-27;Poolia;Södermanlands län;1;0
2026-05-27;Poolia;Uppsala län;2;0
2026-05-27;Poolia;Västerbottens län;2;1
2026-05-27;Poolia;Västmanlands län;3;2
2026-05-27;Poolia;Västra Götalands län;9;9
2026-05-27;Poolia;Örebro län;1;0
2026-05-27;Poolia;Östergötlands län;15;12
2026-05-27;Uniflex;Blekinge län;3;2
2026-05-27;Uniflex;Gävleborgs län;2;2
2026-05-27;Uniflex;Hallands län;4;1
2026-05-27;Uniflex;Jämtlands län;3;1
2026-05-27;Uniflex;Jönköpings län;26;12
2026-05-27;Uniflex;Kalmar län;3;1
2026-05-27;Uniflex;Kronobergs län;6;0
2026-05-27;Uniflex;Norrbottens län;1;1
2026-05-27;Uniflex;Skåne län;15;7
2026-05-27;Uniflex;Stockholms län;23;23
2026-05-27;Uniflex;Södermanlands län;2;1
2026-05-27;Uniflex;Uppsala län;1;0
2026-05-27;Uniflex;Värmlands län;7;6
2026-05-27;Uniflex;Västerbottens län;2;2
2026-05-27;Uniflex;Västernorrlands län;9;6
2026-05-27;Uniflex;Västmanlands län;4;3
2026-05-27;Uniflex;Västra Götalands län;32;12
2026-05-27;Uniflex;Örebro län;10;2
2026-05-27;Uniflex;Östergötlands län;15;2
2026-05-27;OnePartnerGroup;Blekinge län;1;0
2026-05-27;OnePartnerGroup;Gotlands län;1;1
2026-05-27;OnePartnerGroup;Gävleborgs län;12;4
2026-05-27;OnePartnerGroup;Hallands län;5;3
2026-05-27;OnePartnerGroup;Jämtlands län;13;2
2026-05-27;OnePartnerGroup;Jönköpings län;35;18
2026-05-27;OnePartnerGroup;Kalmar län;9;9
2026-05-27;OnePartnerGroup;Kronobergs län;13;7
2026-05-27;OnePartnerGroup;Norrbottens län;8;3
2026-05-27;OnePartnerGroup;Skåne län;8;6
2026-05-27;OnePartnerGroup;Stockholms län;14;9
2026-05-27;OnePartnerGroup;Södermanlands län;1;1
2026-05-27;OnePartnerGroup;Uppsala län;2;0
2026-05-27;OnePartnerGroup;Västerbottens län;8;4
2026-05-27;OnePartnerGroup;Västernorrlands län;14;8
2026-05-27;OnePartnerGroup;Västra Götalands län;31;14
2026-05-27;OnePartnerGroup;Östergötlands län;7;4
2026-05-27;Skill;Blekinge län;1;0
2026-05-27;Skill;Jönköpings län;1;0
2026-05-27;Skill;Kalmar län;2;1
2026-05-27;Skill;Stockholms län;1;1
2026-05-27;Skill;Uppsala län;1;1
2026-05-27;Skill;Västmanlands län;2;0
2026-05-27;Skill;Västra Götalands län;12;5
2026-05-27;Skill;Örebro län;1;0
2026-05-27;Skill;Östergötlands län;52;24
2026-05-27;Arena Personal;Blekinge län;1;1
2026-05-27;Arena Personal;Jämtlands län;1;1
2026-05-27;Arena Personal;Jönköpings län;2;2
2026-05-27;Arena Personal;Kronobergs län;1;1
2026-05-27;Arena Personal;Norrbottens län;2;1
2026-05-27;Arena Personal;Skåne län;9;7
2026-05-27;Arena Personal;Stockholms län;30;16
2026-05-27;Arena Personal;Södermanlands län;34;21
2026-05-27;Arena Personal;Uppsala län;2;0
2026-05-27;Arena Personal;Västerbottens län;1;1
2026-05-27;Arena Personal;Västernorrlands län;1;1
2026-05-27;Arena Personal;Västmanlands län;4;3
2026-05-27;Arena Personal;Västra Götalands län;9;2
2026-05-27;Arena Personal;Örebro län;6;5
2026-05-27;Arena Personal;Östergötlands län;5;3
2026-05-27;Tranpenad;Jönköpings län;3;3
2026-05-27;Tranpenad;Skåne län;1;1
2026-05-27;Tranpenad;Stockholms län;6;0
2026-05-27;Tranpenad;Södermanlands län;3;3
2026-05-27;Tranpenad;Uppsala län;5;1
2026-05-27;Tranpenad;Västra Götalands län;21;2
2026-05-27;Tranpenad;Östergötlands län;3;1
2026-05-27;Jobandtalent;Blekinge län;1;0
2026-05-27;Jobandtalent;Hallands län;11;6
2026-05-27;Jobandtalent;Jönköpings län;10;5
2026-05-27;Jobandtalent;Kalmar län;1;1
2026-05-27;Jobandtalent;Kronobergs län;1;0
2026-05-27;Jobandtalent;Norrbottens län;3;1
2026-05-27;Jobandtalent;Skåne län;15;9
2026-05-27;Jobandtalent;Stockholms län;14;9
2026-05-27;Jobandtalent;Södermanlands län;4;1
2026-05-27;Jobandtalent;Uppsala län;1;1
2026-05-27;Jobandtalent;Värmlands län;3;3
2026-05-27;Jobandtalent;Västerbottens län;3;0
2026-05-27;Jobandtalent;Västernorrlands län;3;2
2026-05-27;Jobandtalent;Västmanlands län;1;0
2026-05-27;Jobandtalent;Västra Götalands län;19;12
2026-05-27;Jobandtalent;Örebro län;1;1
2026-05-27;Jobandtalent;Östergötlands län;33;6
2026-05-27;NearYou;Hallands län;4;4
2026-05-27;NearYou;Jönköpings län;9;8
2026-05-27;NearYou;Kalmar län;6;3
2026-05-27;NearYou;Skåne län;1;1
2026-05-27;NearYou;Västra Götalands län;61;30
2026-05-27;NearYou;Örebro län;2;2
2026-05-27;SJR;Dalarnas län;1;1
2026-05-27;SJR;Kronobergs län;1;0
2026-05-27;SJR;Skåne län;2;1
2026-05-27;SJR;Stockholms län;14;7
2026-05-27;SJR;Uppsala län;4;1
2026-05-27;SJR;Västra Götalands län;5;4
2026-05-27;Clockwork;Dalarnas län;20;9
2026-05-27;Clockwork;Gävleborgs län;8;7
2026-05-27;Clockwork;Stockholms län;7;6
2026-05-27;Clockwork;Södermanlands län;1;1
2026-05-27;Clockwork;Uppsala län;1;1
2026-05-27;Clockwork;Västerbottens län;3;2
2026-05-27;Clockwork;Västmanlands län;5;3
2026-05-27;Clockwork;Västra Götalands län;1;0
2026-05-27;Logent;Hallands län;5;1
2026-05-27;Logent;Skåne län;12;4
2026-05-27;Logent;Stockholms län;6;4
2026-05-27;Logent;Västra Götalands län;8;1
2026-05-27;Bemannia;Dalarnas län;1;1
2026-05-27;Bemannia;Gävleborgs län;1;1
2026-05-27;Bemannia;Hallands län;2;2
2026-05-27;Bemannia;Jämtlands län;1;1
2026-05-27;Bemannia;Jönköpings län;1;1
2026-05-27;Bemannia;Skåne län;1;1
2026-05-27;Bemannia;Stockholms län;18;10
2026-05-27;Bemannia;Södermanlands län;2;2
2026-05-27;Bemannia;Västernorrlands län;1;1
2026-05-27;Bemannia;Västra Götalands län;5;2
2026-05-27;Bemannia;Örebro län;1;1
2026-05-27;Framtiden i Sverige;Blekinge län;2;0
2026-05-27;Framtiden i Sverige;Dalarnas län;9;4
2026-05-27;Framtiden i Sverige;Gotlands län;2;1
2026-05-27;Framtiden i Sverige;Gävleborgs län;2;2
2026-05-27;Framtiden i Sverige;Hallands län;4;1
2026-05-27;Framtiden i Sverige;Jönköpings län;14;3
2026-05-27;Framtiden i Sverige;Kalmar län;4;0
2026-05-27;Framtiden i Sverige;Norrbottens län;3;1
2026-05-27;Framtiden i Sverige;Skåne län;8;3
2026-05-27;Framtiden i Sverige;Stockholms län;26;9
2026-05-27;Framtiden i Sverige;Södermanlands län;2;0
2026-05-27;Framtiden i Sverige;Uppsala län;3;1
2026-05-27;Framtiden i Sverige;Värmlands län;8;2
2026-05-27;Framtiden i Sverige;Västernorrlands län;2;2
2026-05-27;Framtiden i Sverige;Västmanlands län;3;1
2026-05-27;Framtiden i Sverige;Västra Götalands län;22;11
2026-05-27;Framtiden i Sverige;Örebro län;2;1
2026-05-27;Framtiden i Sverige;Östergötlands län;37;11
2026-05-27;Professionals Nord;Jämtlands län;1;0
2026-05-27;Professionals Nord;Norrbottens län;71;29
2026-05-27;Professionals Nord;Skåne län;5;4
2026-05-27;Professionals Nord;Stockholms län;16;11
2026-05-27;Professionals Nord;Södermanlands län;3;0
2026-05-27;Professionals Nord;Uppsala län;1;0
2026-05-27;Professionals Nord;Värmlands län;1;1
2026-05-27;Professionals Nord;Västerbottens län;11;3
2026-05-27;Professionals Nord;Västernorrlands län;10;1
2026-05-27;Professionals Nord;Västmanlands län;8;0
2026-05-27;Professionals Nord;Västra Götalands län;18;7
2026-05-27;Professionals Nord;Örebro län;6;4
2026-05-27;Professionals Nord;Östergötlands län;13;5
2026-05-27;Bravura;Gävleborgs län;2;1
2026-05-27;Bravura;Hallands län;1;0
2026-05-27;Bravura;Jämtlands län;1;0
2026-05-27;Bravura;Jönköpings län;10;4
2026-05-27;Bravura;Kalmar län;1;0
2026-05-27;Bravura;Kronobergs län;3;1
2026-05-27;Bravura;Norrbottens län;2;0
2026-05-27;Bravura;Skåne län;21;8
2026-05-27;Bravura;Stockholms län;61;17
2026-05-27;Bravura;Södermanlands län;2;0
2026-05-27;Bravura;Uppsala län;2;1
2026-05-27;Bravura;Värmlands län;2;2
2026-05-27;Bravura;Västerbottens län;1;1
2026-05-27;Bravura;Västernorrlands län;5;4
2026-05-27;Bravura;Västmanlands län;3;1
2026-05-27;Bravura;Västra Götalands län;20;10
2026-05-27;Bravura;Örebro län;1;0
2026-05-27;Bravura;Östergötlands län;9;4
2026-05-27;Jurek;Dalarnas län;1;1
2026-05-27;Jurek;Gävleborgs län;1;1
2026-05-27;Jurek;Jönköpings län;1;0
2026-05-27;Jurek;Skåne län;1;0
2026-05-27;Jurek;Stockholms län;17;6
2026-05-27;Jurek;Uppsala län;2;0
2026-05-27;Jurek;Västra Götalands län;9;1
2026-05-27;TNG Group;Kronobergs län;3;1
2026-05-27;TNG Group;Skåne län;7;2
2026-05-27;TNG Group;Stockholms län;29;14
2026-05-27;TNG Group;Södermanlands län;1;0
2026-05-27;TNG Group;Västmanlands län;1;0
2026-05-27;TNG Group;Västra Götalands län;8;4
2026-05-27;TNG Group;Örebro län;3;1
2026-05-27;TNG Group;Östergötlands län;1;0
2026-05-27;Friday;Blekinge län;3;1
2026-05-27;Friday;Hallands län;2;0
2026-05-27;Friday;Jönköpings län;2;0
2026-05-27;Friday;Kronobergs län;2;1
2026-05-27;Friday;Skåne län;19;5
2026-05-27;Friday;Stockholms län;32;11
2026-05-27;Friday;Södermanlands län;1;0
2026-05-27;Friday;Västmanlands län;1;0
2026-05-27;Friday;Västra Götalands län;44;9
2026-05-27;Friday;Örebro län;4;1
2026-05-27;Friday;Östergötlands län;24;7
2026-05-27;Gazella;Stockholms län;3;2
2026-05-27;Insitepart;Jönköpings län;7;3
2026-05-27;Insitepart;Kalmar län;1;1
2026-05-27;Insitepart;Kronobergs län;1;0
2026-05-27;Insitepart;Skåne län;2;1
2026-05-27;Insitepart;Stockholms län;13;7
2026-05-27;Insitepart;Södermanlands län;1;0
2026-05-27;Insitepart;Uppsala län;1;1
2026-05-27;Insitepart;Västra Götalands län;2;2
2026-05-27;Insitepart;Örebro län;2;1
2026-05-27;Wikan Personal;Blekinge län;1;0
2026-05-27;Wikan Personal;Dalarnas län;2;1
2026-05-27;Wikan Personal;Gävleborgs län;9;2
2026-05-27;Wikan Personal;Jönköpings län;7;3
2026-05-27;Wikan Personal;Kalmar län;1;0
2026-05-27;Wikan Personal;Kronobergs län;7;5
2026-05-27;Wikan Personal;Norrbottens län;1;0
2026-05-27;Wikan Personal;Skåne län;32;23
2026-05-27;Wikan Personal;Västerbottens län;9;6
2026-05-27;Wikan Personal;Västernorrlands län;1;0
2026-05-27;Konsultia;Dalarnas län;1;1
2026-05-27;Konsultia;Gävleborgs län;5;4
2026-05-27;Konsultia;Norrbottens län;15;6
2026-05-27;Konsultia;Skåne län;2;1
2026-05-27;Konsultia;Södermanlands län;2;2
2026-05-27;Konsultia;Västerbottens län;5;0
2026-05-27;Konsultia;Västernorrlands län;3;1
2026-05-27;Konsultia;Västra Götalands län;15;9
2026-05-27;Konsultia;Örebro län;2;0
2026-05-28;Manpower;Blekinge län;2;1
2026-05-28;Manpower;Dalarnas län;4;4
2026-05-28;Manpower;Gävleborgs län;1;0
2026-05-28;Manpower;Jämtlands län;2;2
2026-05-28;Manpower;Jönköpings län;3;3
2026-05-28;Manpower;Skåne län;6;4
2026-05-28;Manpower;Stockholms län;6;3
2026-05-28;Manpower;Södermanlands län;1;1
2026-05-28;Manpower;Uppsala län;1;1
2026-05-28;Manpower;Värmlands län;3;1
2026-05-28;Manpower;Västerbottens län;1;1
2026-05-28;Manpower;Västernorrlands län;1;0
2026-05-28;Manpower;Västmanlands län;3;2
2026-05-28;Manpower;Västra Götalands län;13;4
2026-05-28;Manpower;Östergötlands län;1;1
2026-05-28;Lernia;Blekinge län;6;2
2026-05-28;Lernia;Gävleborgs län;6;3
2026-05-28;Lernia;Hallands län;35;6
2026-05-28;Lernia;Jämtlands län;2;1
2026-05-28;Lernia;Jönköpings län;16;6
2026-05-28;Lernia;Kalmar län;10;4
2026-05-28;Lernia;Kronobergs län;4;4
2026-05-28;Lernia;Norrbottens län;5;3
2026-05-28;Lernia;Skåne län;15;9
2026-05-28;Lernia;Stockholms län;7;2
2026-05-28;Lernia;Södermanlands län;4;1
2026-05-28;Lernia;Uppsala län;7;1
2026-05-28;Lernia;Västerbottens län;4;2
2026-05-28;Lernia;Västmanlands län;3;1
2026-05-28;Lernia;Västra Götalands län;42;22
2026-05-28;Lernia;Örebro län;1;0
2026-05-28;Lernia;Östergötlands län;8;3
2026-05-28;Adecco;Blekinge län;1;1
2026-05-28;Adecco;Dalarnas län;4;0
2026-05-28;Adecco;Hallands län;8;1
2026-05-28;Adecco;Jönköpings län;12;5
2026-05-28;Adecco;Kalmar län;1;0
2026-05-28;Adecco;Kronobergs län;10;5
2026-05-28;Adecco;Norrbottens län;16;7
2026-05-28;Adecco;Skåne län;17;7
2026-05-28;Adecco;Stockholms län;27;23
2026-05-28;Adecco;Uppsala län;3;3
2026-05-28;Adecco;Värmlands län;8;4
2026-05-28;Adecco;Västerbottens län;6;2
2026-05-28;Adecco;Västernorrlands län;2;1
2026-05-28;Adecco;Västmanlands län;6;5
2026-05-28;Adecco;Västra Götalands län;24;16
2026-05-28;Adecco;Örebro län;1;0
2026-05-28;Adecco;Östergötlands län;8;3
2026-05-28;Perido;Dalarnas län;1;0
2026-05-28;Perido;Jönköpings län;1;0
2026-05-28;Perido;Stockholms län;13;7
2026-05-28;Perido;Västra Götalands län;10;8
2026-05-28;Perido;Östergötlands län;3;0
2026-05-28;Randstad;Dalarnas län;1;1
2026-05-28;Randstad;Gävleborgs län;3;2
2026-05-28;Randstad;Hallands län;1;0
2026-05-28;Randstad;Jönköpings län;14;4
2026-05-28;Randstad;Norrbottens län;4;1
2026-05-28;Randstad;Skåne län;7;3
2026-05-28;Randstad;Stockholms län;34;15
2026-05-28;Randstad;Södermanlands län;4;3
2026-05-28;Randstad;Uppsala län;9;5
2026-05-28;Randstad;Värmlands län;2;1
2026-05-28;Randstad;Västerbottens län;1;1
2026-05-28;Randstad;Västernorrlands län;1;0
2026-05-28;Randstad;Västmanlands län;3;2
2026-05-28;Randstad;Västra Götalands län;51;22
2026-05-28;Randstad;Östergötlands län;21;3
2026-05-28;Academic Work;Blekinge län;1;1
2026-05-28;Academic Work;Dalarnas län;8;3
2026-05-28;Academic Work;Gävleborgs län;8;4
2026-05-28;Academic Work;Hallands län;1;1
2026-05-28;Academic Work;Jämtlands län;8;2
2026-05-28;Academic Work;Jönköpings län;3;0
2026-05-28;Academic Work;Kalmar län;1;0
2026-05-28;Academic Work;Kronobergs län;3;1
2026-05-28;Academic Work;Norrbottens län;9;2
2026-05-28;Academic Work;Skåne län;49;22
2026-05-28;Academic Work;Stockholms län;125;52
2026-05-28;Academic Work;Södermanlands län;1;0
2026-05-28;Academic Work;Uppsala län;13;6
2026-05-28;Academic Work;Värmlands län;13;3
2026-05-28;Academic Work;Västerbottens län;12;5
2026-05-28;Academic Work;Västernorrlands län;9;3
2026-05-28;Academic Work;Västmanlands län;8;4
2026-05-28;Academic Work;Västra Götalands län;44;20
2026-05-28;Academic Work;Örebro län;24;13
2026-05-28;Academic Work;Östergötlands län;31;8
2026-05-28;Studentconsulting;Blekinge län;2;1
2026-05-28;Studentconsulting;Dalarnas län;4;2
2026-05-28;Studentconsulting;Gävleborgs län;1;1
2026-05-28;Studentconsulting;Hallands län;6;0
2026-05-28;Studentconsulting;Jämtlands län;1;1
2026-05-28;Studentconsulting;Jönköpings län;9;4
2026-05-28;Studentconsulting;Kronobergs län;15;6
2026-05-28;Studentconsulting;Norrbottens län;33;15
2026-05-28;Studentconsulting;Skåne län;51;28
2026-05-28;Studentconsulting;Stockholms län;33;19
2026-05-28;Studentconsulting;Södermanlands län;5;3
2026-05-28;Studentconsulting;Uppsala län;2;0
2026-05-28;Studentconsulting;Värmlands län;2;1
2026-05-28;Studentconsulting;Västerbottens län;9;5
2026-05-28;Studentconsulting;Västernorrlands län;4;4
2026-05-28;Studentconsulting;Västmanlands län;13;4
2026-05-28;Studentconsulting;Västra Götalands län;42;21
2026-05-28;Studentconsulting;Örebro län;5;3
2026-05-28;Studentconsulting;Östergötlands län;25;9
2026-05-28;Poolia;Blekinge län;1;1
2026-05-28;Poolia;Dalarnas län;2;2
2026-05-28;Poolia;Gävleborgs län;1;1
2026-05-28;Poolia;Jämtlands län;1;0
2026-05-28;Poolia;Jönköpings län;2;1
2026-05-28;Poolia;Kalmar län;1;0
2026-05-28;Poolia;Norrbottens län;5;3
2026-05-28;Poolia;Skåne län;15;9
2026-05-28;Poolia;Stockholms län;19;12
2026-05-28;Poolia;Södermanlands län;1;0
2026-05-28;Poolia;Uppsala län;2;0
2026-05-28;Poolia;Västerbottens län;2;1
2026-05-28;Poolia;Västmanlands län;3;2
2026-05-28;Poolia;Västra Götalands län;10;8
2026-05-28;Poolia;Örebro län;1;0
2026-05-28;Poolia;Östergötlands län;15;11
2026-05-28;Uniflex;Blekinge län;3;2
2026-05-28;Uniflex;Gävleborgs län;2;2
2026-05-28;Uniflex;Hallands län;4;1
2026-05-28;Uniflex;Jämtlands län;3;1
2026-05-28;Uniflex;Jönköpings län;26;9
2026-05-28;Uniflex;Kalmar län;3;1
2026-05-28;Uniflex;Kronobergs län;6;0
2026-05-28;Uniflex;Norrbottens län;1;1
2026-05-28;Uniflex;Skåne län;15;4
2026-05-28;Uniflex;Stockholms län;21;20
2026-05-28;Uniflex;Södermanlands län;2;1
2026-05-28;Uniflex;Uppsala län;3;2
2026-05-28;Uniflex;Värmlands län;6;5
2026-05-28;Uniflex;Västerbottens län;2;2
2026-05-28;Uniflex;Västernorrlands län;10;6
2026-05-28;Uniflex;Västmanlands län;6;5
2026-05-28;Uniflex;Västra Götalands län;32;11
2026-05-28;Uniflex;Örebro län;13;6
2026-05-28;Uniflex;Östergötlands län;16;2
2026-05-28;OnePartnerGroup;Blekinge län;1;0
2026-05-28;OnePartnerGroup;Gotlands län;1;1
2026-05-28;OnePartnerGroup;Gävleborgs län;11;3
2026-05-28;OnePartnerGroup;Hallands län;7;5
2026-05-28;OnePartnerGroup;Jämtlands län;13;2
2026-05-28;OnePartnerGroup;Jönköpings län;39;18
2026-05-28;OnePartnerGroup;Kalmar län;9;8
2026-05-28;OnePartnerGroup;Kronobergs län;13;5
2026-05-28;OnePartnerGroup;Norrbottens län;8;3
2026-05-28;OnePartnerGroup;Skåne län;7;5
2026-05-28;OnePartnerGroup;Stockholms län;15;9
2026-05-28;OnePartnerGroup;Södermanlands län;1;1
2026-05-28;OnePartnerGroup;Uppsala län;1;0
2026-05-28;OnePartnerGroup;Västerbottens län;8;4
2026-05-28;OnePartnerGroup;Västernorrlands län;14;6
2026-05-28;OnePartnerGroup;Västra Götalands län;33;12
2026-05-28;OnePartnerGroup;Östergötlands län;6;3
2026-05-28;Skill;Blekinge län;1;0
2026-05-28;Skill;Jönköpings län;1;0
2026-05-28;Skill;Kalmar län;2;1
2026-05-28;Skill;Stockholms län;1;0
2026-05-28;Skill;Uppsala län;1;1
2026-05-28;Skill;Västra Götalands län;13;5
2026-05-28;Skill;Örebro län;1;0
2026-05-28;Skill;Östergötlands län;53;23
2026-05-28;Arena Personal;Blekinge län;1;1
2026-05-28;Arena Personal;Jämtlands län;1;1
2026-05-28;Arena Personal;Jönköpings län;2;2
2026-05-28;Arena Personal;Kronobergs län;1;1
2026-05-28;Arena Personal;Norrbottens län;2;0
2026-05-28;Arena Personal;Skåne län;8;7
2026-05-28;Arena Personal;Stockholms län;31;16
2026-05-28;Arena Personal;Södermanlands län;34;21
2026-05-28;Arena Personal;Uppsala län;2;0
2026-05-28;Arena Personal;Västerbottens län;1;1
2026-05-28;Arena Personal;Västernorrlands län;1;1
2026-05-28;Arena Personal;Västmanlands län;4;3
2026-05-28;Arena Personal;Västra Götalands län;9;2
2026-05-28;Arena Personal;Örebro län;6;5
2026-05-28;Arena Personal;Östergötlands län;5;3
2026-05-28;Tranpenad;Jönköpings län;3;2
2026-05-28;Tranpenad;Skåne län;1;1
2026-05-28;Tranpenad;Stockholms län;6;0
2026-05-28;Tranpenad;Södermanlands län;3;3
2026-05-28;Tranpenad;Uppsala län;5;1
2026-05-28;Tranpenad;Västmanlands län;1;1
2026-05-28;Tranpenad;Västra Götalands län;21;1
2026-05-28;Tranpenad;Östergötlands län;2;1
2026-05-28;Jobandtalent;Blekinge län;1;0
2026-05-28;Jobandtalent;Gävleborgs län;1;1
2026-05-28;Jobandtalent;Hallands län;11;5
2026-05-28;Jobandtalent;Jönköpings län;12;7
2026-05-28;Jobandtalent;Kalmar län;1;1
2026-05-28;Jobandtalent;Kronobergs län;1;0
2026-05-28;Jobandtalent;Norrbottens län;3;1
2026-05-28;Jobandtalent;Skåne län;15;7
2026-05-28;Jobandtalent;Stockholms län;16;11
2026-05-28;Jobandtalent;Södermanlands län;4;1
2026-05-28;Jobandtalent;Uppsala län;1;1
2026-05-28;Jobandtalent;Värmlands län;3;3
2026-05-28;Jobandtalent;Västerbottens län;3;0
2026-05-28;Jobandtalent;Västernorrlands län;3;0
2026-05-28;Jobandtalent;Västmanlands län;1;0
2026-05-28;Jobandtalent;Västra Götalands län;19;11
2026-05-28;Jobandtalent;Örebro län;1;1
2026-05-28;Jobandtalent;Östergötlands län;33;6
2026-05-28;NearYou;Hallands län;4;1
2026-05-28;NearYou;Jönköpings län;8;7
2026-05-28;NearYou;Kalmar län;9;6
2026-05-28;NearYou;Skåne län;1;0
2026-05-28;NearYou;Västra Götalands län;65;33
2026-05-28;NearYou;Örebro län;2;2
2026-05-28;SJR;Dalarnas län;1;1
2026-05-28;SJR;Kronobergs län;1;0
2026-05-28;SJR;Skåne län;2;1
2026-05-28;SJR;Stockholms län;13;5
2026-05-28;SJR;Uppsala län;4;1
2026-05-28;SJR;Västra Götalands län;5;4
2026-05-28;Clockwork;Dalarnas län;18;8
2026-05-28;Clockwork;Gävleborgs län;8;6
2026-05-28;Clockwork;Stockholms län;8;7
2026-05-28;Clockwork;Södermanlands län;1;1
2026-05-28;Clockwork;Uppsala län;1;1
2026-05-28;Clockwork;Västerbottens län;4;2
2026-05-28;Clockwork;Västmanlands län;5;2
2026-05-28;Clockwork;Västra Götalands län;1;0
2026-05-28;Logent;Hallands län;5;1
2026-05-28;Logent;Skåne län;13;5
2026-05-28;Logent;Stockholms län;6;4
2026-05-28;Logent;Västra Götalands län;8;1
2026-05-28;Bemannia;Dalarnas län;1;1
2026-05-28;Bemannia;Gävleborgs län;1;1
2026-05-28;Bemannia;Hallands län;1;1
2026-05-28;Bemannia;Jämtlands län;1;1
2026-05-28;Bemannia;Jönköpings län;1;1
2026-05-28;Bemannia;Skåne län;1;1
2026-05-28;Bemannia;Stockholms län;18;11
2026-05-28;Bemannia;Södermanlands län;2;2
2026-05-28;Bemannia;Västra Götalands län;4;3
2026-05-28;Bemannia;Örebro län;1;1
2026-05-28;Framtiden i Sverige;Blekinge län;1;0
2026-05-28;Framtiden i Sverige;Dalarnas län;9;4
2026-05-28;Framtiden i Sverige;Gotlands län;2;1
2026-05-28;Framtiden i Sverige;Gävleborgs län;2;2
2026-05-28;Framtiden i Sverige;Hallands län;5;2
2026-05-28;Framtiden i Sverige;Jönköpings län;16;5
2026-05-28;Framtiden i Sverige;Kalmar län;4;0
2026-05-28;Framtiden i Sverige;Norrbottens län;3;1
2026-05-28;Framtiden i Sverige;Skåne län;9;3
2026-05-28;Framtiden i Sverige;Stockholms län;25;8
2026-05-28;Framtiden i Sverige;Södermanlands län;1;0
2026-05-28;Framtiden i Sverige;Uppsala län;3;1
2026-05-28;Framtiden i Sverige;Värmlands län;7;1
2026-05-28;Framtiden i Sverige;Västernorrlands län;1;1
2026-05-28;Framtiden i Sverige;Västmanlands län;3;1
2026-05-28;Framtiden i Sverige;Västra Götalands län;22;8
2026-05-28;Framtiden i Sverige;Örebro län;3;2
2026-05-28;Framtiden i Sverige;Östergötlands län;36;9
2026-05-28;Professionals Nord;Jämtlands län;1;0
2026-05-28;Professionals Nord;Norrbottens län;70;28
2026-05-28;Professionals Nord;Skåne län;5;4
2026-05-28;Professionals Nord;Stockholms län;16;9
2026-05-28;Professionals Nord;Södermanlands län;3;0
2026-05-28;Professionals Nord;Uppsala län;1;1
2026-05-28;Professionals Nord;Värmlands län;2;2
2026-05-28;Professionals Nord;Västerbottens län;9;2
2026-05-28;Professionals Nord;Västernorrlands län;11;2
2026-05-28;Professionals Nord;Västmanlands län;9;1
2026-05-28;Professionals Nord;Västra Götalands län;20;8
2026-05-28;Professionals Nord;Örebro län;6;3
2026-05-28;Professionals Nord;Östergötlands län;13;7
2026-05-28;Bravura;Gävleborgs län;2;1
2026-05-28;Bravura;Hallands län;1;0
2026-05-28;Bravura;Jämtlands län;1;0
2026-05-28;Bravura;Jönköpings län;10;4
2026-05-28;Bravura;Kalmar län;1;0
2026-05-28;Bravura;Kronobergs län;3;1
2026-05-28;Bravura;Norrbottens län;2;0
2026-05-28;Bravura;Skåne län;19;7
2026-05-28;Bravura;Stockholms län;60;16
2026-05-28;Bravura;Södermanlands län;2;0
2026-05-28;Bravura;Uppsala län;3;2
2026-05-28;Bravura;Värmlands län;2;2
2026-05-28;Bravura;Västerbottens län;1;0
2026-05-28;Bravura;Västernorrlands län;4;4
2026-05-28;Bravura;Västmanlands län;3;1
2026-05-28;Bravura;Västra Götalands län;21;10
2026-05-28;Bravura;Örebro län;1;0
2026-05-28;Bravura;Östergötlands län;9;3
2026-05-28;Jurek;Dalarnas län;1;1
2026-05-28;Jurek;Gävleborgs län;1;1
2026-05-28;Jurek;Skåne län;1;0
2026-05-28;Jurek;Stockholms län;16;6
2026-05-28;Jurek;Uppsala län;3;1
2026-05-28;Jurek;Västra Götalands län;8;1
2026-05-28;TNG Group;Kronobergs län;3;1
2026-05-28;TNG Group;Skåne län;6;1
2026-05-28;TNG Group;Stockholms län;26;14
2026-05-28;TNG Group;Södermanlands län;1;0
2026-05-28;TNG Group;Uppsala län;1;1
2026-05-28;TNG Group;Västmanlands län;1;0
2026-05-28;TNG Group;Västra Götalands län;8;3
2026-05-28;TNG Group;Örebro län;3;1
2026-05-28;TNG Group;Östergötlands län;1;0
2026-05-28;Eterni Sweden;Blekinge län;1;1
2026-05-28;Eterni Sweden;Hallands län;2;2
2026-05-28;Eterni Sweden;Jönköpings län;20;12
2026-05-28;Eterni Sweden;Kalmar län;9;2
2026-05-28;Eterni Sweden;Kronobergs län;22;15
2026-05-28;Eterni Sweden;Skåne län;11;8
2026-05-28;Eterni Sweden;Stockholms län;7;4
2026-05-28;Eterni Sweden;Värmlands län;10;5
2026-05-28;Eterni Sweden;Västmanlands län;1;0
2026-05-28;Eterni Sweden;Västra Götalands län;12;5
2026-05-28;Eterni Sweden;Östergötlands län;3;0
2026-05-28;Friday;Blekinge län;2;0
2026-05-28;Friday;Hallands län;2;0
2026-05-28;Friday;Jönköpings län;2;0
2026-05-28;Friday;Kronobergs län;2;1
2026-05-28;Friday;Skåne län;19;5
2026-05-28;Friday;Stockholms län;33;10
2026-05-28;Friday;Södermanlands län;1;0
2026-05-28;Friday;Västmanlands län;1;0
2026-05-28;Friday;Västra Götalands län;44;11
2026-05-28;Friday;Örebro län;4;1
2026-05-28;Friday;Östergötlands län;25;8
2026-05-28;Gazella;Stockholms län;3;2
2026-05-28;Insitepart;Jönköpings län;7;2
2026-05-28;Insitepart;Kalmar län;1;1
2026-05-28;Insitepart;Skåne län;2;1
2026-05-28;Insitepart;Stockholms län;14;7
2026-05-28;Insitepart;Södermanlands län;2;1
2026-05-28;Insitepart;Uppsala län;1;1
2026-05-28;Insitepart;Västra Götalands län;3;2
2026-05-28;Insitepart;Örebro län;2;1
2026-05-28;Wikan Personal;Blekinge län;1;0
2026-05-28;Wikan Personal;Dalarnas län;2;1
2026-05-28;Wikan Personal;Gävleborgs län;9;2
2026-05-28;Wikan Personal;Jönköpings län;9;4
2026-05-28;Wikan Personal;Kalmar län;2;1
2026-05-28;Wikan Personal;Kronobergs län;7;4
2026-05-28;Wikan Personal;Norrbottens län;1;0
2026-05-28;Wikan Personal;Skåne län;33;24
2026-05-28;Wikan Personal;Västerbottens län;10;7
2026-05-28;Wikan Personal;Västernorrlands län;1;0
2026-05-28;Konsultia;Dalarnas län;1;1
2026-05-28;Konsultia;Gävleborgs län;5;4
2026-05-28;Konsultia;Norrbottens län;15;5
2026-05-28;Konsultia;Skåne län;2;0
2026-05-28;Konsultia;Södermanlands län;2;2
2026-05-28;Konsultia;Västerbottens län;5;0
2026-05-28;Konsultia;Västernorrlands län;3;0
2026-05-28;Konsultia;Västra Götalands län;15;9
2026-05-28;Konsultia;Örebro län;2;0
2026-05-29;Manpower;Blekinge län;2;1
2026-05-29;Manpower;Dalarnas län;4;4
2026-05-29;Manpower;Gävleborgs län;1;0
2026-05-29;Manpower;Jämtlands län;2;2
2026-05-29;Manpower;Jönköpings län;3;3
2026-05-29;Manpower;Skåne län;6;4
2026-05-29;Manpower;Stockholms län;5;3
2026-05-29;Manpower;Södermanlands län;1;1
2026-05-29;Manpower;Uppsala län;1;1
2026-05-29;Manpower;Värmlands län;3;1
2026-05-29;Manpower;Västerbottens län;1;1
2026-05-29;Manpower;Västernorrlands län;2;1
2026-05-29;Manpower;Västmanlands län;2;2
2026-05-29;Manpower;Västra Götalands län;12;4
2026-05-29;Manpower;Östergötlands län;1;1
2026-05-29;Lernia;Blekinge län;6;2
2026-05-29;Lernia;Gävleborgs län;6;3
2026-05-29;Lernia;Hallands län;35;6
2026-05-29;Lernia;Jämtlands län;2;1
2026-05-29;Lernia;Jönköpings län;21;11
2026-05-29;Lernia;Kalmar län;13;7
2026-05-29;Lernia;Kronobergs län;4;4
2026-05-29;Lernia;Norrbottens län;6;4
2026-05-29;Lernia;Skåne län;18;12
2026-05-29;Lernia;Stockholms län;7;2
2026-05-29;Lernia;Södermanlands län;4;1
2026-05-29;Lernia;Uppsala län;7;1
2026-05-29;Lernia;Västerbottens län;3;1
2026-05-29;Lernia;Västmanlands län;3;1
2026-05-29;Lernia;Västra Götalands län;43;23
2026-05-29;Lernia;Örebro län;1;0
2026-05-29;Lernia;Östergötlands län;8;3
2026-05-29;Adecco;Blekinge län;2;2
2026-05-29;Adecco;Dalarnas län;4;0
2026-05-29;Adecco;Hallands län;8;1
2026-05-29;Adecco;Jönköpings län;11;5
2026-05-29;Adecco;Kalmar län;1;0
2026-05-29;Adecco;Kronobergs län;10;5
2026-05-29;Adecco;Norrbottens län;15;7
2026-05-29;Adecco;Skåne län;17;8
2026-05-29;Adecco;Stockholms län;28;24
2026-05-29;Adecco;Uppsala län;8;8
2026-05-29;Adecco;Värmlands län;7;4
2026-05-29;Adecco;Västerbottens län;5;2
2026-05-29;Adecco;Västernorrlands län;2;1
2026-05-29;Adecco;Västmanlands län;6;5
2026-05-29;Adecco;Västra Götalands län;20;13
2026-05-29;Adecco;Örebro län;1;0
2026-05-29;Adecco;Östergötlands län;8;0
2026-05-29;Perido;Dalarnas län;1;0
2026-05-29;Perido;Jönköpings län;1;0
2026-05-29;Perido;Stockholms län;14;8
2026-05-29;Perido;Västra Götalands län;9;8
2026-05-29;Perido;Östergötlands län;3;0
2026-05-29;Randstad;Dalarnas län;1;1
2026-05-29;Randstad;Gävleborgs län;3;2
2026-05-29;Randstad;Hallands län;1;0
2026-05-29;Randstad;Jönköpings län;14;4
2026-05-29;Randstad;Norrbottens län;4;1
2026-05-29;Randstad;Skåne län;8;4
2026-05-29;Randstad;Stockholms län;33;15
2026-05-29;Randstad;Södermanlands län;4;3
2026-05-29;Randstad;Uppsala län;9;5
2026-05-29;Randstad;Värmlands län;2;1
2026-05-29;Randstad;Västerbottens län;1;1
2026-05-29;Randstad;Västernorrlands län;1;0
2026-05-29;Randstad;Västmanlands län;3;2
2026-05-29;Randstad;Västra Götalands län;50;22
2026-05-29;Randstad;Östergötlands län;20;3
2026-05-29;Academic Work;Blekinge län;1;1
2026-05-29;Academic Work;Dalarnas län;7;3
2026-05-29;Academic Work;Gävleborgs län;8;4
2026-05-29;Academic Work;Hallands län;1;1
2026-05-29;Academic Work;Jämtlands län;7;2
2026-05-29;Academic Work;Jönköpings län;3;0
2026-05-29;Academic Work;Kalmar län;1;0
2026-05-29;Academic Work;Kronobergs län;3;1
2026-05-29;Academic Work;Norrbottens län;9;2
2026-05-29;Academic Work;Skåne län;52;25
2026-05-29;Academic Work;Stockholms län;133;63
2026-05-29;Academic Work;Södermanlands län;1;0
2026-05-29;Academic Work;Uppsala län;13;6
2026-05-29;Academic Work;Värmlands län;12;3
2026-05-29;Academic Work;Västerbottens län;12;5
2026-05-29;Academic Work;Västernorrlands län;10;4
2026-05-29;Academic Work;Västmanlands län;8;4
2026-05-29;Academic Work;Västra Götalands län;46;22
2026-05-29;Academic Work;Örebro län;27;16
2026-05-29;Academic Work;Östergötlands län;32;10
2026-05-29;Studentconsulting;Blekinge län;2;1
2026-05-29;Studentconsulting;Dalarnas län;4;2
2026-05-29;Studentconsulting;Gävleborgs län;1;1
2026-05-29;Studentconsulting;Hallands län;6;0
2026-05-29;Studentconsulting;Jämtlands län;1;1
2026-05-29;Studentconsulting;Jönköpings län;9;4
2026-05-29;Studentconsulting;Kronobergs län;15;6
2026-05-29;Studentconsulting;Norrbottens län;36;18
2026-05-29;Studentconsulting;Skåne län;51;30
2026-05-29;Studentconsulting;Stockholms län;29;17
2026-05-29;Studentconsulting;Södermanlands län;5;3
2026-05-29;Studentconsulting;Uppsala län;2;0
2026-05-29;Studentconsulting;Värmlands län;1;1
2026-05-29;Studentconsulting;Västerbottens län;9;5
2026-05-29;Studentconsulting;Västernorrlands län;4;4
2026-05-29;Studentconsulting;Västmanlands län;13;4
2026-05-29;Studentconsulting;Västra Götalands län;42;23
2026-05-29;Studentconsulting;Örebro län;5;3
2026-05-29;Studentconsulting;Östergötlands län;28;12
2026-05-29;Poolia;Blekinge län;1;1
2026-05-29;Poolia;Dalarnas län;2;2
2026-05-29;Poolia;Gävleborgs län;1;1
2026-05-29;Poolia;Jämtlands län;1;0
2026-05-29;Poolia;Jönköpings län;3;2
2026-05-29;Poolia;Kalmar län;1;0
2026-05-29;Poolia;Norrbottens län;5;3
2026-05-29;Poolia;Skåne län;15;9
2026-05-29;Poolia;Stockholms län;16;9
2026-05-29;Poolia;Södermanlands län;1;0
2026-05-29;Poolia;Uppsala län;2;0
2026-05-29;Poolia;Västerbottens län;2;1
2026-05-29;Poolia;Västmanlands län;3;2
2026-05-29;Poolia;Västra Götalands län;9;8
2026-05-29;Poolia;Örebro län;1;0
2026-05-29;Poolia;Östergötlands län;15;11
2026-05-29;Uniflex;Blekinge län;3;2
2026-05-29;Uniflex;Gävleborgs län;2;2
2026-05-29;Uniflex;Hallands län;4;1
2026-05-29;Uniflex;Jämtlands län;1;1
2026-05-29;Uniflex;Jönköpings län;28;11
2026-05-29;Uniflex;Kalmar län;3;1
2026-05-29;Uniflex;Kronobergs län;6;0
2026-05-29;Uniflex;Norrbottens län;2;2
2026-05-29;Uniflex;Skåne län;14;4
2026-05-29;Uniflex;Stockholms län;23;22
2026-05-29;Uniflex;Södermanlands län;2;1
2026-05-29;Uniflex;Uppsala län;3;2
2026-05-29;Uniflex;Värmlands län;8;7
2026-05-29;Uniflex;Västerbottens län;2;2
2026-05-29;Uniflex;Västernorrlands län;10;6
2026-05-29;Uniflex;Västmanlands län;7;6
2026-05-29;Uniflex;Västra Götalands län;33;12
2026-05-29;Uniflex;Örebro län;15;8
2026-05-29;Uniflex;Östergötlands län;14;2
2026-05-29;OnePartnerGroup;Blekinge län;1;0
2026-05-29;OnePartnerGroup;Gotlands län;1;1
2026-05-29;OnePartnerGroup;Gävleborgs län;11;3
2026-05-29;OnePartnerGroup;Hallands län;7;5
2026-05-29;OnePartnerGroup;Jämtlands län;13;3
2026-05-29;OnePartnerGroup;Jönköpings län;37;18
2026-05-29;OnePartnerGroup;Kalmar län;9;8
2026-05-29;OnePartnerGroup;Kronobergs län;13;5
2026-05-29;OnePartnerGroup;Norrbottens län;8;3
2026-05-29;OnePartnerGroup;Skåne län;7;6
2026-05-29;OnePartnerGroup;Stockholms län;16;10
2026-05-29;OnePartnerGroup;Södermanlands län;1;1
2026-05-29;OnePartnerGroup;Uppsala län;1;0
2026-05-29;OnePartnerGroup;Västerbottens län;8;4
2026-05-29;OnePartnerGroup;Västernorrlands län;16;8
2026-05-29;OnePartnerGroup;Västra Götalands län;38;17
2026-05-29;OnePartnerGroup;Östergötlands län;6;3
2026-05-29;Skill;Blekinge län;1;0
2026-05-29;Skill;Jönköpings län;1;0
2026-05-29;Skill;Kalmar län;2;1
2026-05-29;Skill;Stockholms län;1;0
2026-05-29;Skill;Uppsala län;1;1
2026-05-29;Skill;Västra Götalands län;11;5
2026-05-29;Skill;Örebro län;1;0
2026-05-29;Skill;Östergötlands län;56;28
2026-05-29;Arena Personal;Blekinge län;1;1
2026-05-29;Arena Personal;Jämtlands län;1;0
2026-05-29;Arena Personal;Jönköpings län;2;2
2026-05-29;Arena Personal;Kronobergs län;1;1
2026-05-29;Arena Personal;Norrbottens län;2;0
2026-05-29;Arena Personal;Skåne län;8;7
2026-05-29;Arena Personal;Stockholms län;30;16
2026-05-29;Arena Personal;Södermanlands län;35;22
2026-05-29;Arena Personal;Uppsala län;2;0
2026-05-29;Arena Personal;Västerbottens län;1;1
2026-05-29;Arena Personal;Västernorrlands län;1;1
2026-05-29;Arena Personal;Västmanlands län;4;3
2026-05-29;Arena Personal;Västra Götalands län;10;3
2026-05-29;Arena Personal;Örebro län;6;5
2026-05-29;Arena Personal;Östergötlands län;5;3
2026-05-29;Tranpenad;Jönköpings län;3;2
2026-05-29;Tranpenad;Skåne län;1;1
2026-05-29;Tranpenad;Stockholms län;6;0
2026-05-29;Tranpenad;Södermanlands län;3;3
2026-05-29;Tranpenad;Uppsala län;5;1
2026-05-29;Tranpenad;Västmanlands län;1;1
2026-05-29;Tranpenad;Västra Götalands län;21;1
2026-05-29;Tranpenad;Östergötlands län;2;1
2026-05-29;Jobandtalent;Blekinge län;1;0
2026-05-29;Jobandtalent;Gävleborgs län;1;1
2026-05-29;Jobandtalent;Hallands län;11;5
2026-05-29;Jobandtalent;Jönköpings län;8;6
2026-05-29;Jobandtalent;Kalmar län;1;1
2026-05-29;Jobandtalent;Kronobergs län;1;0
2026-05-29;Jobandtalent;Norrbottens län;3;1
2026-05-29;Jobandtalent;Skåne län;15;7
2026-05-29;Jobandtalent;Stockholms län;17;12
2026-05-29;Jobandtalent;Södermanlands län;4;1
2026-05-29;Jobandtalent;Uppsala län;1;1
2026-05-29;Jobandtalent;Värmlands län;3;3
2026-05-29;Jobandtalent;Västerbottens län;2;0
2026-05-29;Jobandtalent;Västernorrlands län;2;0
2026-05-29;Jobandtalent;Västmanlands län;1;0
2026-05-29;Jobandtalent;Västra Götalands län;17;9
2026-05-29;Jobandtalent;Örebro län;3;3
2026-05-29;Jobandtalent;Östergötlands län;31;6
2026-05-29;NearYou;Hallands län;4;1
2026-05-29;NearYou;Jönköpings län;8;7
2026-05-29;NearYou;Kalmar län;9;6
2026-05-29;NearYou;Skåne län;1;0
2026-05-29;NearYou;Västra Götalands län;63;35
2026-05-29;NearYou;Örebro län;2;2
2026-05-29;SJR;Dalarnas län;1;1
2026-05-29;SJR;Kronobergs län;1;0
2026-05-29;SJR;Skåne län;2;1
2026-05-29;SJR;Stockholms län;13;6
2026-05-29;SJR;Uppsala län;4;2
2026-05-29;SJR;Västra Götalands län;4;4
2026-05-29;Clockwork;Dalarnas län;22;12
2026-05-29;Clockwork;Gävleborgs län;8;6
2026-05-29;Clockwork;Stockholms län;6;6
2026-05-29;Clockwork;Södermanlands län;2;2
2026-05-29;Clockwork;Uppsala län;1;1
2026-05-29;Clockwork;Västerbottens län;3;2
2026-05-29;Clockwork;Västmanlands län;4;2
2026-05-29;Clockwork;Västra Götalands län;1;0
2026-05-29;Logent;Hallands län;5;1
2026-05-29;Logent;Skåne län;14;6
2026-05-29;Logent;Stockholms län;6;4
2026-05-29;Logent;Västra Götalands län;8;1
2026-05-29;Bemannia;Dalarnas län;1;1
2026-05-29;Bemannia;Hallands län;1;1
2026-05-29;Bemannia;Jämtlands län;1;1
2026-05-29;Bemannia;Jönköpings län;1;1
2026-05-29;Bemannia;Skåne län;2;2
2026-05-29;Bemannia;Stockholms län;17;12
2026-05-29;Bemannia;Södermanlands län;2;2
2026-05-29;Bemannia;Västra Götalands län;3;3
2026-05-29;Bemannia;Örebro län;1;1
2026-05-29;Framtiden i Sverige;Blekinge län;1;0
2026-05-29;Framtiden i Sverige;Dalarnas län;9;4
2026-05-29;Framtiden i Sverige;Gotlands län;2;1
2026-05-29;Framtiden i Sverige;Gävleborgs län;2;2
2026-05-29;Framtiden i Sverige;Hallands län;5;2
2026-05-29;Framtiden i Sverige;Jönköpings län;15;4
2026-05-29;Framtiden i Sverige;Kalmar län;3;0
2026-05-29;Framtiden i Sverige;Norrbottens län;2;0
2026-05-29;Framtiden i Sverige;Skåne län;7;4
2026-05-29;Framtiden i Sverige;Stockholms län;28;11
2026-05-29;Framtiden i Sverige;Södermanlands län;1;0
2026-05-29;Framtiden i Sverige;Uppsala län;5;3
2026-05-29;Framtiden i Sverige;Värmlands län;7;1
2026-05-29;Framtiden i Sverige;Västernorrlands län;1;1
2026-05-29;Framtiden i Sverige;Västmanlands län;4;2
2026-05-29;Framtiden i Sverige;Västra Götalands län;22;8
2026-05-29;Framtiden i Sverige;Örebro län;3;2
2026-05-29;Framtiden i Sverige;Östergötlands län;41;14
2026-05-29;Professionals Nord;Jämtlands län;1;0
2026-05-29;Professionals Nord;Norrbottens län;70;28
2026-05-29;Professionals Nord;Skåne län;5;4
2026-05-29;Professionals Nord;Stockholms län;16;9
2026-05-29;Professionals Nord;Södermanlands län;3;0
2026-05-29;Professionals Nord;Uppsala län;1;1
2026-05-29;Professionals Nord;Värmlands län;2;2
2026-05-29;Professionals Nord;Västerbottens län;11;4
2026-05-29;Professionals Nord;Västernorrlands län;11;2
2026-05-29;Professionals Nord;Västmanlands län;9;1
2026-05-29;Professionals Nord;Västra Götalands län;19;9
2026-05-29;Professionals Nord;Örebro län;6;3
2026-05-29;Professionals Nord;Östergötlands län;12;7
2026-05-29;Bravura;Gävleborgs län;2;1
2026-05-29;Bravura;Hallands län;1;0
2026-05-29;Bravura;Jämtlands län;1;0
2026-05-29;Bravura;Jönköpings län;10;4
2026-05-29;Bravura;Kalmar län;1;0
2026-05-29;Bravura;Kronobergs län;3;1
2026-05-29;Bravura;Norrbottens län;2;0
2026-05-29;Bravura;Skåne län;19;8
2026-05-29;Bravura;Stockholms län;63;20
2026-05-29;Bravura;Södermanlands län;1;0
2026-05-29;Bravura;Uppsala län;3;2
2026-05-29;Bravura;Värmlands län;2;2
2026-05-29;Bravura;Västerbottens län;1;0
2026-05-29;Bravura;Västernorrlands län;4;4
2026-05-29;Bravura;Västmanlands län;3;1
2026-05-29;Bravura;Västra Götalands län;20;10
2026-05-29;Bravura;Örebro län;1;0
2026-05-29;Bravura;Östergötlands län;10;4
2026-05-29;Jurek;Gävleborgs län;1;1
2026-05-29;Jurek;Skåne län;2;1
2026-05-29;Jurek;Stockholms län;17;7
2026-05-29;Jurek;Uppsala län;3;1
2026-05-29;Jurek;Västra Götalands län;7;2
2026-05-29;TNG Group;Kronobergs län;3;1
2026-05-29;TNG Group;Skåne län;6;3
2026-05-29;TNG Group;Stockholms län;25;14
2026-05-29;TNG Group;Södermanlands län;1;0
2026-05-29;TNG Group;Uppsala län;1;1
2026-05-29;TNG Group;Västmanlands län;1;0
2026-05-29;TNG Group;Västra Götalands län;8;3
2026-05-29;TNG Group;Örebro län;3;1
2026-05-29;TNG Group;Östergötlands län;1;0
2026-05-29;Eterni Sweden;Blekinge län;1;0
2026-05-29;Eterni Sweden;Hallands län;2;0
2026-05-29;Eterni Sweden;Jönköpings län;20;1
2026-05-29;Eterni Sweden;Kalmar län;8;0
2026-05-29;Eterni Sweden;Kronobergs län;22;1
2026-05-29;Eterni Sweden;Skåne län;11;0
2026-05-29;Eterni Sweden;Stockholms län;6;0
2026-05-29;Eterni Sweden;Värmlands län;10;0
2026-05-29;Eterni Sweden;Västmanlands län;1;0
2026-05-29;Eterni Sweden;Västra Götalands län;11;0
2026-05-29;Eterni Sweden;Östergötlands län;3;0
2026-05-29;Friday;Blekinge län;2;0
2026-05-29;Friday;Hallands län;2;0
2026-05-29;Friday;Jönköpings län;2;0
2026-05-29;Friday;Kronobergs län;2;1
2026-05-29;Friday;Skåne län;20;8
2026-05-29;Friday;Stockholms län;32;8
2026-05-29;Friday;Södermanlands län;1;0
2026-05-29;Friday;Västmanlands län;2;1
2026-05-29;Friday;Västra Götalands län;49;16
2026-05-29;Friday;Örebro län;6;3
2026-05-29;Friday;Östergötlands län;25;8
2026-05-29;Gazella;Stockholms län;3;2
2026-05-29;Insitepart;Jönköpings län;7;2
2026-05-29;Insitepart;Kalmar län;2;2
2026-05-29;Insitepart;Skåne län;2;1
2026-05-29;Insitepart;Stockholms län;14;7
2026-05-29;Insitepart;Södermanlands län;2;1
2026-05-29;Insitepart;Uppsala län;1;1
2026-05-29;Insitepart;Västra Götalands län;3;2
2026-05-29;Insitepart;Örebro län;2;1
2026-05-29;Wikan Personal;Blekinge län;1;0
2026-05-29;Wikan Personal;Dalarnas län;2;1
2026-05-29;Wikan Personal;Gävleborgs län;9;2
2026-05-29;Wikan Personal;Jönköpings län;9;4
2026-05-29;Wikan Personal;Kalmar län;4;3
2026-05-29;Wikan Personal;Kronobergs län;6;5
2026-05-29;Wikan Personal;Norrbottens län;1;0
2026-05-29;Wikan Personal;Skåne län;33;24
2026-05-29;Wikan Personal;Västerbottens län;10;7
2026-05-29;Wikan Personal;Västernorrlands län;1;0
2026-05-29;Konsultia;Dalarnas län;1;1
2026-05-29;Konsultia;Gävleborgs län;5;4
2026-05-29;Konsultia;Norrbottens län;15;5
2026-05-29;Konsultia;Skåne län;2;0
2026-05-29;Konsultia;Södermanlands län;2;2
2026-05-29;Konsultia;Västerbottens län;5;0
2026-05-29;Konsultia;Västernorrlands län;3;0
2026-05-29;Konsultia;Västra Götalands län;18;12
2026-05-29;Konsultia;Örebro län;2;0
2026-05-30;Manpower;Blekinge län;2;1
2026-05-30;Manpower;Dalarnas län;4;4
2026-05-30;Manpower;Gävleborgs län;2;1
2026-05-30;Manpower;Jämtlands län;2;2
2026-05-30;Manpower;Jönköpings län;3;3
2026-05-30;Manpower;Norrbottens län;1;1
2026-05-30;Manpower;Skåne län;6;4
2026-05-30;Manpower;Stockholms län;5;3
2026-05-30;Manpower;Södermanlands län;1;1
2026-05-30;Manpower;Uppsala län;1;1
2026-05-30;Manpower;Värmlands län;3;1
2026-05-30;Manpower;Västerbottens län;1;1
2026-05-30;Manpower;Västernorrlands län;4;3
2026-05-30;Manpower;Västmanlands län;2;2
2026-05-30;Manpower;Västra Götalands län;13;5
2026-05-30;Manpower;Östergötlands län;1;1
2026-05-30;Lernia;Blekinge län;6;2
2026-05-30;Lernia;Gävleborgs län;6;3
2026-05-30;Lernia;Hallands län;34;5
2026-05-30;Lernia;Jämtlands län;2;1
2026-05-30;Lernia;Jönköpings län;21;11
2026-05-30;Lernia;Kalmar län;15;9
2026-05-30;Lernia;Kronobergs län;5;5
2026-05-30;Lernia;Norrbottens län;6;4
2026-05-30;Lernia;Skåne län;15;9
2026-05-30;Lernia;Stockholms län;7;2
2026-05-30;Lernia;Södermanlands län;4;1
2026-05-30;Lernia;Uppsala län;5;0
2026-05-30;Lernia;Västerbottens län;3;1
2026-05-30;Lernia;Västmanlands län;3;1
2026-05-30;Lernia;Västra Götalands län;42;21
2026-05-30;Lernia;Örebro län;1;0
2026-05-30;Lernia;Östergötlands län;8;3
2026-05-30;Adecco;Blekinge län;3;3
2026-05-30;Adecco;Dalarnas län;3;0
2026-05-30;Adecco;Hallands län;8;2
2026-05-30;Adecco;Jönköpings län;10;5
2026-05-30;Adecco;Kalmar län;1;0
2026-05-30;Adecco;Kronobergs län;9;5
2026-05-30;Adecco;Norrbottens län;16;8
2026-05-30;Adecco;Skåne län;21;11
2026-05-30;Adecco;Stockholms län;27;23
2026-05-30;Adecco;Uppsala län;11;10
2026-05-30;Adecco;Värmlands län;5;4
2026-05-30;Adecco;Västerbottens län;4;2
2026-05-30;Adecco;Västernorrlands län;2;1
2026-05-30;Adecco;Västmanlands län;6;5
2026-05-30;Adecco;Västra Götalands län;20;12
2026-05-30;Adecco;Örebro län;1;0
2026-05-30;Adecco;Östergötlands län;8;0
2026-05-30;Perido;Dalarnas län;1;0
2026-05-30;Perido;Jönköpings län;1;0
2026-05-30;Perido;Stockholms län;11;8
2026-05-30;Perido;Västra Götalands län;9;8
2026-05-30;Perido;Östergötlands län;3;0
2026-05-30;Randstad;Dalarnas län;1;1
2026-05-30;Randstad;Gävleborgs län;3;2
2026-05-30;Randstad;Hallands län;1;0
2026-05-30;Randstad;Jönköpings län;14;4
2026-05-30;Randstad;Norrbottens län;4;1
2026-05-30;Randstad;Skåne län;7;4
2026-05-30;Randstad;Stockholms län;34;16
2026-05-30;Randstad;Södermanlands län;4;3
2026-05-30;Randstad;Uppsala län;10;6
2026-05-30;Randstad;Värmlands län;2;1
2026-05-30;Randstad;Västerbottens län;1;1
2026-05-30;Randstad;Västernorrlands län;1;0
2026-05-30;Randstad;Västmanlands län;3;2
2026-05-30;Randstad;Västra Götalands län;51;23
2026-05-30;Randstad;Örebro län;1;1
2026-05-30;Randstad;Östergötlands län;19;3
2026-05-30;Academic Work;Blekinge län;1;1
2026-05-30;Academic Work;Dalarnas län;7;4
2026-05-30;Academic Work;Gävleborgs län;10;7
2026-05-30;Academic Work;Hallands län;1;0
2026-05-30;Academic Work;Jämtlands län;5;3
2026-05-30;Academic Work;Jönköpings län;3;0
2026-05-30;Academic Work;Kalmar län;1;0
2026-05-30;Academic Work;Kronobergs län;3;1
2026-05-30;Academic Work;Norrbottens län;9;2
2026-05-30;Academic Work;Skåne län;52;29
2026-05-30;Academic Work;Stockholms län;141;73
2026-05-30;Academic Work;Södermanlands län;1;0
2026-05-30;Academic Work;Uppsala län;12;6
2026-05-30;Academic Work;Värmlands län;12;3
2026-05-30;Academic Work;Västerbottens län;11;5
2026-05-30;Academic Work;Västernorrlands län;12;6
2026-05-30;Academic Work;Västmanlands län;8;4
2026-05-30;Academic Work;Västra Götalands län;49;24
2026-05-30;Academic Work;Örebro län;26;15
2026-05-30;Academic Work;Östergötlands län;34;14
2026-05-30;Studentconsulting;Blekinge län;2;1
2026-05-30;Studentconsulting;Dalarnas län;4;1
2026-05-30;Studentconsulting;Hallands län;6;1
2026-05-30;Studentconsulting;Jämtlands län;2;2
2026-05-30;Studentconsulting;Jönköpings län;8;4
2026-05-30;Studentconsulting;Kronobergs län;15;5
2026-05-30;Studentconsulting;Norrbottens län;36;18
2026-05-30;Studentconsulting;Skåne län;49;25
2026-05-30;Studentconsulting;Stockholms län;25;16
2026-05-30;Studentconsulting;Södermanlands län;5;3
2026-05-30;Studentconsulting;Uppsala län;2;0
2026-05-30;Studentconsulting;Värmlands län;1;1
2026-05-30;Studentconsulting;Västerbottens län;8;6
2026-05-30;Studentconsulting;Västernorrlands län;4;4
2026-05-30;Studentconsulting;Västmanlands län;13;4
2026-05-30;Studentconsulting;Västra Götalands län;39;21
2026-05-30;Studentconsulting;Örebro län;5;3
2026-05-30;Studentconsulting;Östergötlands län;21;11
2026-05-30;Poolia;Blekinge län;1;1
2026-05-30;Poolia;Dalarnas län;2;2
2026-05-30;Poolia;Gävleborgs län;1;1
2026-05-30;Poolia;Jämtlands län;1;0
2026-05-30;Poolia;Jönköpings län;3;2
2026-05-30;Poolia;Kalmar län;1;0
2026-05-30;Poolia;Norrbottens län;6;4
2026-05-30;Poolia;Skåne län;16;10
2026-05-30;Poolia;Stockholms län;15;8
2026-05-30;Poolia;Södermanlands län;1;0
2026-05-30;Poolia;Uppsala län;2;0
2026-05-30;Poolia;Västerbottens län;2;1
2026-05-30;Poolia;Västmanlands län;3;2
2026-05-30;Poolia;Västra Götalands län;8;7
2026-05-30;Poolia;Örebro län;2;1
2026-05-30;Poolia;Östergötlands län;13;10
2026-05-30;Uniflex;Blekinge län;2;2
2026-05-30;Uniflex;Gävleborgs län;2;2
2026-05-30;Uniflex;Hallands län;4;1
2026-05-30;Uniflex;Jämtlands län;1;1
2026-05-30;Uniflex;Jönköpings län;31;13
2026-05-30;Uniflex;Kalmar län;3;1
2026-05-30;Uniflex;Kronobergs län;7;1
2026-05-30;Uniflex;Norrbottens län;2;2
2026-05-30;Uniflex;Skåne län;14;4
2026-05-30;Uniflex;Stockholms län;20;19
2026-05-30;Uniflex;Södermanlands län;2;1
2026-05-30;Uniflex;Uppsala län;3;2
2026-05-30;Uniflex;Värmlands län;8;7
2026-05-30;Uniflex;Västerbottens län;2;1
2026-05-30;Uniflex;Västernorrlands län;11;7
2026-05-30;Uniflex;Västmanlands län;7;7
2026-05-30;Uniflex;Västra Götalands län;32;7
2026-05-30;Uniflex;Örebro län;12;8
2026-05-30;Uniflex;Östergötlands län;14;2
2026-05-30;OnePartnerGroup;Blekinge län;1;0
2026-05-30;OnePartnerGroup;Gotlands län;1;1
2026-05-30;OnePartnerGroup;Gävleborgs län;11;2
2026-05-30;OnePartnerGroup;Hallands län;7;4
2026-05-30;OnePartnerGroup;Jämtlands län;14;4
2026-05-30;OnePartnerGroup;Jönköpings län;37;18
2026-05-30;OnePartnerGroup;Kalmar län;9;8
2026-05-30;OnePartnerGroup;Kronobergs län;14;6
2026-05-30;OnePartnerGroup;Norrbottens län;6;3
2026-05-30;OnePartnerGroup;Skåne län;9;8
2026-05-30;OnePartnerGroup;Stockholms län;16;10
2026-05-30;OnePartnerGroup;Södermanlands län;1;0
2026-05-30;OnePartnerGroup;Uppsala län;1;0
2026-05-30;OnePartnerGroup;Västerbottens län;7;4
2026-05-30;OnePartnerGroup;Västernorrlands län;16;8
2026-05-30;OnePartnerGroup;Västra Götalands län;37;16
2026-05-30;OnePartnerGroup;Östergötlands län;6;3
2026-05-30;Skill;Blekinge län;1;0
2026-05-30;Skill;Jönköpings län;4;3
2026-05-30;Skill;Kalmar län;2;1
2026-05-30;Skill;Stockholms län;1;0
2026-05-30;Skill;Uppsala län;1;1
2026-05-30;Skill;Västra Götalands län;13;8
2026-05-30;Skill;Örebro län;1;0
2026-05-30;Skill;Östergötlands län;58;32
2026-05-30;Arena Personal;Blekinge län;1;1
2026-05-30;Arena Personal;Jämtlands län;1;0
2026-05-30;Arena Personal;Jönköpings län;2;2
2026-05-30;Arena Personal;Kronobergs län;1;1
2026-05-30;Arena Personal;Norrbottens län;2;0
2026-05-30;Arena Personal;Skåne län;7;6
2026-05-30;Arena Personal;Stockholms län;23;18
2026-05-30;Arena Personal;Södermanlands län;35;21
2026-05-30;Arena Personal;Uppsala län;2;0
2026-05-30;Arena Personal;Västerbottens län;1;1
2026-05-30;Arena Personal;Västernorrlands län;1;1
2026-05-30;Arena Personal;Västmanlands län;4;3
2026-05-30;Arena Personal;Västra Götalands län;10;3
2026-05-30;Arena Personal;Örebro län;6;5
2026-05-30;Arena Personal;Östergötlands län;5;3
2026-05-30;Tranpenad;Jönköpings län;3;2
2026-05-30;Tranpenad;Skåne län;1;1
2026-05-30;Tranpenad;Stockholms län;6;0
2026-05-30;Tranpenad;Södermanlands län;3;3
2026-05-30;Tranpenad;Uppsala län;5;1
2026-05-30;Tranpenad;Västmanlands län;1;1
2026-05-30;Tranpenad;Västra Götalands län;21;1
2026-05-30;Tranpenad;Östergötlands län;2;1
2026-05-30;Jobandtalent;Blekinge län;1;0
2026-05-30;Jobandtalent;Gävleborgs län;1;1
2026-05-30;Jobandtalent;Hallands län;13;7
2026-05-30;Jobandtalent;Jönköpings län;8;5
2026-05-30;Jobandtalent;Kalmar län;1;1
2026-05-30;Jobandtalent;Kronobergs län;1;0
2026-05-30;Jobandtalent;Norrbottens län;1;1
2026-05-30;Jobandtalent;Skåne län;14;6
2026-05-30;Jobandtalent;Stockholms län;17;12
2026-05-30;Jobandtalent;Södermanlands län;4;1
2026-05-30;Jobandtalent;Uppsala län;1;1
2026-05-30;Jobandtalent;Värmlands län;3;3
2026-05-30;Jobandtalent;Västerbottens län;2;0
2026-05-30;Jobandtalent;Västernorrlands län;2;0
2026-05-30;Jobandtalent;Västmanlands län;1;0
2026-05-30;Jobandtalent;Västra Götalands län;18;12
2026-05-30;Jobandtalent;Örebro län;5;5
2026-05-30;Jobandtalent;Östergötlands län;31;6
2026-05-30;NearYou;Hallands län;4;4
2026-05-30;NearYou;Jönköpings län;7;6
2026-05-30;NearYou;Kalmar län;9;5
2026-05-30;NearYou;Skåne län;1;1
2026-05-30;NearYou;Västra Götalands län;60;37
2026-05-30;NearYou;Örebro län;2;2
2026-05-30;SJR;Dalarnas län;1;1
2026-05-30;SJR;Skåne län;2;1
2026-05-30;SJR;Stockholms län;13;7
2026-05-30;SJR;Uppsala län;4;2
2026-05-30;SJR;Västra Götalands län;5;5
2026-05-30;Clockwork;Dalarnas län;21;12
2026-05-30;Clockwork;Gävleborgs län;8;6
2026-05-30;Clockwork;Stockholms län;6;6
2026-05-30;Clockwork;Södermanlands län;3;3
2026-05-30;Clockwork;Uppsala län;1;1
2026-05-30;Clockwork;Västerbottens län;4;3
2026-05-30;Clockwork;Västmanlands län;4;2
2026-05-30;Clockwork;Västra Götalands län;1;0
2026-05-30;Logent;Hallands län;5;1
2026-05-30;Logent;Skåne län;13;4
2026-05-30;Logent;Stockholms län;6;4
2026-05-30;Logent;Uppsala län;1;1
2026-05-30;Logent;Västra Götalands län;8;1
2026-05-30;Bemannia;Hallands län;3;3
2026-05-30;Bemannia;Jämtlands län;1;1
2026-05-30;Bemannia;Jönköpings län;1;1
2026-05-30;Bemannia;Skåne län;2;2
2026-05-30;Bemannia;Stockholms län;20;10
2026-05-30;Bemannia;Södermanlands län;1;1
2026-05-30;Bemannia;Västra Götalands län;4;4
2026-05-30;Framtiden i Sverige;Blekinge län;2;1
2026-05-30;Framtiden i Sverige;Dalarnas län;9;2
2026-05-30;Framtiden i Sverige;Gotlands län;2;1
2026-05-30;Framtiden i Sverige;Gävleborgs län;1;1
2026-05-30;Framtiden i Sverige;Hallands län;5;2
2026-05-30;Framtiden i Sverige;Jönköpings län;17;5
2026-05-30;Framtiden i Sverige;Kalmar län;3;0
2026-05-30;Framtiden i Sverige;Norrbottens län;1;0
2026-05-30;Framtiden i Sverige;Skåne län;9;6
2026-05-30;Framtiden i Sverige;Stockholms län;33;16
2026-05-30;Framtiden i Sverige;Södermanlands län;1;0
2026-05-30;Framtiden i Sverige;Uppsala län;6;3
2026-05-30;Framtiden i Sverige;Värmlands län;6;1
2026-05-30;Framtiden i Sverige;Västernorrlands län;1;1
2026-05-30;Framtiden i Sverige;Västmanlands län;4;2
2026-05-30;Framtiden i Sverige;Västra Götalands län;22;8
2026-05-30;Framtiden i Sverige;Örebro län;4;3
2026-05-30;Framtiden i Sverige;Östergötlands län;40;14
2026-05-30;Professionals Nord;Jämtlands län;1;0
2026-05-30;Professionals Nord;Kalmar län;1;1
2026-05-30;Professionals Nord;Norrbottens län;70;28
2026-05-30;Professionals Nord;Skåne län;6;5
2026-05-30;Professionals Nord;Stockholms län;16;9
2026-05-30;Professionals Nord;Södermanlands län;3;0
2026-05-30;Professionals Nord;Uppsala län;1;1
2026-05-30;Professionals Nord;Värmlands län;2;2
2026-05-30;Professionals Nord;Västerbottens län;12;5
2026-05-30;Professionals Nord;Västernorrlands län;11;3
2026-05-30;Professionals Nord;Västmanlands län;9;1
2026-05-30;Professionals Nord;Västra Götalands län;19;9
2026-05-30;Professionals Nord;Örebro län;6;3
2026-05-30;Professionals Nord;Östergötlands län;12;7
2026-05-30;Bravura;Gävleborgs län;2;1
2026-05-30;Bravura;Hallands län;1;0
2026-05-30;Bravura;Jämtlands län;1;0
2026-05-30;Bravura;Jönköpings län;11;5
2026-05-30;Bravura;Kalmar län;1;0
2026-05-30;Bravura;Kronobergs län;3;1
2026-05-30;Bravura;Norrbottens län;2;0
2026-05-30;Bravura;Skåne län;18;8
2026-05-30;Bravura;Stockholms län;62;21
2026-05-30;Bravura;Södermanlands län;1;0
2026-05-30;Bravura;Uppsala län;3;2
2026-05-30;Bravura;Värmlands län;4;4
2026-05-30;Bravura;Västerbottens län;1;0
2026-05-30;Bravura;Västernorrlands län;4;4
2026-05-30;Bravura;Västmanlands län;2;0
2026-05-30;Bravura;Västra Götalands län;22;13
2026-05-30;Bravura;Örebro län;1;0
2026-05-30;Bravura;Östergötlands län;10;4
2026-05-30;Jurek;Gävleborgs län;1;1
2026-05-30;Jurek;Skåne län;3;2
2026-05-30;Jurek;Stockholms län;15;6
2026-05-30;Jurek;Uppsala län;3;1
2026-05-30;Jurek;Västra Götalands län;7;2
2026-05-30;TNG Group;Kronobergs län;3;1
2026-05-30;TNG Group;Skåne län;6;3
2026-05-30;TNG Group;Stockholms län;24;14
2026-05-30;TNG Group;Södermanlands län;1;0
2026-05-30;TNG Group;Uppsala län;1;1
2026-05-30;TNG Group;Västmanlands län;1;0
2026-05-30;TNG Group;Västra Götalands län;7;2
2026-05-30;TNG Group;Örebro län;2;1
2026-05-30;TNG Group;Östergötlands län;1;0
2026-05-30;Eterni Sweden;Blekinge län;1;1
2026-05-30;Eterni Sweden;Hallands län;2;2
2026-05-30;Eterni Sweden;Jönköpings län;19;12
2026-05-30;Eterni Sweden;Kalmar län;8;2
2026-05-30;Eterni Sweden;Kronobergs län;22;11
2026-05-30;Eterni Sweden;Skåne län;10;8
2026-05-30;Eterni Sweden;Stockholms län;6;3
2026-05-30;Eterni Sweden;Värmlands län;10;4
2026-05-30;Eterni Sweden;Västmanlands län;1;0
2026-05-30;Eterni Sweden;Västra Götalands län;11;5
2026-05-30;Eterni Sweden;Östergötlands län;3;0
2026-05-30;Friday;Blekinge län;2;0
2026-05-30;Friday;Hallands län;2;0
2026-05-30;Friday;Jönköpings län;2;0
2026-05-30;Friday;Kronobergs län;2;1
2026-05-30;Friday;Skåne län;21;9
2026-05-30;Friday;Stockholms län;35;12
2026-05-30;Friday;Södermanlands län;1;0
2026-05-30;Friday;Västmanlands län;2;1
2026-05-30;Friday;Västra Götalands län;52;21
2026-05-30;Friday;Örebro län;4;3
2026-05-30;Friday;Östergötlands län;61;45
2026-05-30;Gazella;Stockholms län;3;2
2026-05-30;Insitepart;Jönköpings län;7;2
2026-05-30;Insitepart;Kalmar län;2;2
2026-05-30;Insitepart;Skåne län;2;1
2026-05-30;Insitepart;Stockholms län;14;7
2026-05-30;Insitepart;Södermanlands län;2;1
2026-05-30;Insitepart;Uppsala län;1;1
2026-05-30;Insitepart;Västra Götalands län;3;2
2026-05-30;Insitepart;Örebro län;5;3
2026-05-30;Wikan Personal;Blekinge län;2;1
2026-05-30;Wikan Personal;Dalarnas län;2;1
2026-05-30;Wikan Personal;Gävleborgs län;11;5
2026-05-30;Wikan Personal;Jönköpings län;10;5
2026-05-30;Wikan Personal;Kalmar län;4;3
2026-05-30;Wikan Personal;Kronobergs län;6;5
2026-05-30;Wikan Personal;Norrbottens län;1;0
2026-05-30;Wikan Personal;Skåne län;36;27
2026-05-30;Wikan Personal;Västerbottens län;10;7
2026-05-30;Wikan Personal;Västernorrlands län;1;0
2026-05-30;Konsultia;Dalarnas län;1;1
2026-05-30;Konsultia;Gävleborgs län;5;4
2026-05-30;Konsultia;Norrbottens län;15;6
2026-05-30;Konsultia;Skåne län;2;0
2026-05-30;Konsultia;Södermanlands län;2;2
2026-05-30;Konsultia;Västerbottens län;5;0
2026-05-30;Konsultia;Västernorrlands län;4;1
2026-05-30;Konsultia;Västra Götalands län;23;17
2026-05-30;Konsultia;Örebro län;1;0
2026-05-31;Manpower;Blekinge län;2;1
2026-05-31;Manpower;Dalarnas län;4;4
2026-05-31;Manpower;Gävleborgs län;2;1
2026-05-31;Manpower;Jämtlands län;2;2
2026-05-31;Manpower;Jönköpings län;3;3
2026-05-31;Manpower;Norrbottens län;1;1
2026-05-31;Manpower;Skåne län;6;4
2026-05-31;Manpower;Stockholms län;5;3
2026-05-31;Manpower;Södermanlands län;1;1
2026-05-31;Manpower;Uppsala län;1;1
2026-05-31;Manpower;Värmlands län;3;1
2026-05-31;Manpower;Västerbottens län;1;1
2026-05-31;Manpower;Västernorrlands län;4;3
2026-05-31;Manpower;Västmanlands län;2;2
2026-05-31;Manpower;Västra Götalands län;13;5
2026-05-31;Manpower;Östergötlands län;1;1
2026-05-31;Lernia;Blekinge län;6;2
2026-05-31;Lernia;Gävleborgs län;6;3
2026-05-31;Lernia;Hallands län;34;5
2026-05-31;Lernia;Jämtlands län;2;1
2026-05-31;Lernia;Jönköpings län;21;11
2026-05-31;Lernia;Kalmar län;15;9
2026-05-31;Lernia;Kronobergs län;5;5
2026-05-31;Lernia;Norrbottens län;6;4
2026-05-31;Lernia;Skåne län;15;9
2026-05-31;Lernia;Stockholms län;7;2
2026-05-31;Lernia;Södermanlands län;4;1
2026-05-31;Lernia;Uppsala län;5;0
2026-05-31;Lernia;Västerbottens län;3;1
2026-05-31;Lernia;Västmanlands län;3;1
2026-05-31;Lernia;Västra Götalands län;40;20
2026-05-31;Lernia;Örebro län;1;0
2026-05-31;Lernia;Östergötlands län;8;3
2026-05-31;Adecco;Blekinge län;3;3
2026-05-31;Adecco;Dalarnas län;2;0
2026-05-31;Adecco;Hallands län;7;2
2026-05-31;Adecco;Jönköpings län;10;5
2026-05-31;Adecco;Kalmar län;1;0
2026-05-31;Adecco;Kronobergs län;9;5
2026-05-31;Adecco;Norrbottens län;16;8
2026-05-31;Adecco;Skåne län;21;11
2026-05-31;Adecco;Stockholms län;27;23
2026-05-31;Adecco;Uppsala län;11;10
2026-05-31;Adecco;Värmlands län;5;4
2026-05-31;Adecco;Västerbottens län;4;2
2026-05-31;Adecco;Västernorrlands län;2;1
2026-05-31;Adecco;Västmanlands län;6;5
2026-05-31;Adecco;Västra Götalands län;20;12
2026-05-31;Adecco;Örebro län;1;0
2026-05-31;Adecco;Östergötlands län;8;0
2026-05-31;Perido;Dalarnas län;1;0
2026-05-31;Perido;Jönköpings län;1;0
2026-05-31;Perido;Stockholms län;11;8
2026-05-31;Perido;Västra Götalands län;9;8
2026-05-31;Randstad;Dalarnas län;1;1
2026-05-31;Randstad;Gävleborgs län;3;2
2026-05-31;Randstad;Hallands län;1;0
2026-05-31;Randstad;Jönköpings län;13;4
2026-05-31;Randstad;Norrbottens län;4;1
2026-05-31;Randstad;Skåne län;7;4
2026-05-31;Randstad;Stockholms län;34;16
2026-05-31;Randstad;Södermanlands län;4;3
2026-05-31;Randstad;Uppsala län;9;6
2026-05-31;Randstad;Värmlands län;2;1
2026-05-31;Randstad;Västerbottens län;1;1
2026-05-31;Randstad;Västernorrlands län;1;0
2026-05-31;Randstad;Västmanlands län;3;2
2026-05-31;Randstad;Västra Götalands län;51;23
2026-05-31;Randstad;Örebro län;1;1
2026-05-31;Randstad;Östergötlands län;19;3
2026-05-31;Academic Work;Blekinge län;1;1
2026-05-31;Academic Work;Dalarnas län;7;4
2026-05-31;Academic Work;Gävleborgs län;10;7
2026-05-31;Academic Work;Hallands län;1;0
2026-05-31;Academic Work;Jämtlands län;5;3
2026-05-31;Academic Work;Jönköpings län;3;0
2026-05-31;Academic Work;Kalmar län;1;0
2026-05-31;Academic Work;Kronobergs län;3;1
2026-05-31;Academic Work;Norrbottens län;9;2
2026-05-31;Academic Work;Skåne län;52;29
2026-05-31;Academic Work;Stockholms län;141;73
2026-05-31;Academic Work;Södermanlands län;1;0
2026-05-31;Academic Work;Uppsala län;12;6
2026-05-31;Academic Work;Värmlands län;12;3
2026-05-31;Academic Work;Västerbottens län;11;5
2026-05-31;Academic Work;Västernorrlands län;12;6
2026-05-31;Academic Work;Västmanlands län;8;4
2026-05-31;Academic Work;Västra Götalands län;49;24
2026-05-31;Academic Work;Örebro län;26;15
2026-05-31;Academic Work;Östergötlands län;32;14
2026-05-31;Studentconsulting;Blekinge län;2;1
2026-05-31;Studentconsulting;Dalarnas län;4;1
2026-05-31;Studentconsulting;Hallands län;7;2
2026-05-31;Studentconsulting;Jämtlands län;2;2
2026-05-31;Studentconsulting;Jönköpings län;8;4
2026-05-31;Studentconsulting;Kronobergs län;16;6
2026-05-31;Studentconsulting;Norrbottens län;35;17
2026-05-31;Studentconsulting;Skåne län;49;25
2026-05-31;Studentconsulting;Stockholms län;25;16
2026-05-31;Studentconsulting;Södermanlands län;5;3
2026-05-31;Studentconsulting;Uppsala län;2;0
2026-05-31;Studentconsulting;Värmlands län;1;1
2026-05-31;Studentconsulting;Västerbottens län;8;6
2026-05-31;Studentconsulting;Västernorrlands län;4;4
2026-05-31;Studentconsulting;Västmanlands län;13;4
2026-05-31;Studentconsulting;Västra Götalands län;38;21
2026-05-31;Studentconsulting;Örebro län;5;3
2026-05-31;Studentconsulting;Östergötlands län;21;11
2026-05-31;Poolia;Blekinge län;1;1
2026-05-31;Poolia;Dalarnas län;2;2
2026-05-31;Poolia;Gävleborgs län;1;1
2026-05-31;Poolia;Jämtlands län;1;0
2026-05-31;Poolia;Jönköpings län;2;2
2026-05-31;Poolia;Kalmar län;1;0
2026-05-31;Poolia;Norrbottens län;6;4
2026-05-31;Poolia;Skåne län;16;10
2026-05-31;Poolia;Stockholms län;15;9
2026-05-31;Poolia;Södermanlands län;1;0
2026-05-31;Poolia;Uppsala län;1;0
2026-05-31;Poolia;Västerbottens län;2;1
2026-05-31;Poolia;Västmanlands län;3;2
2026-05-31;Poolia;Västra Götalands län;7;7
2026-05-31;Poolia;Örebro län;2;1
2026-05-31;Poolia;Östergötlands län;13;10
2026-05-31;Uniflex;Blekinge län;2;2
2026-05-31;Uniflex;Gävleborgs län;2;2
2026-05-31;Uniflex;Hallands län;4;1
2026-05-31;Uniflex;Jämtlands län;1;1
2026-05-31;Uniflex;Jönköpings län;31;13
2026-05-31;Uniflex;Kalmar län;1;1
2026-05-31;Uniflex;Kronobergs län;6;1
2026-05-31;Uniflex;Norrbottens län;2;2
2026-05-31;Uniflex;Skåne län;14;4
2026-05-31;Uniflex;Stockholms län;20;19
2026-05-31;Uniflex;Södermanlands län;2;1
2026-05-31;Uniflex;Uppsala län;3;2
2026-05-31;Uniflex;Värmlands län;8;7
2026-05-31;Uniflex;Västerbottens län;2;1
2026-05-31;Uniflex;Västernorrlands län;11;7
2026-05-31;Uniflex;Västmanlands län;7;5
2026-05-31;Uniflex;Västra Götalands län;31;7
2026-05-31;Uniflex;Örebro län;11;8
2026-05-31;Uniflex;Östergötlands län;13;2
2026-05-31;OnePartnerGroup;Blekinge län;1;0
2026-05-31;OnePartnerGroup;Gotlands län;1;1
2026-05-31;OnePartnerGroup;Gävleborgs län;10;2
2026-05-31;OnePartnerGroup;Hallands län;6;4
2026-05-31;OnePartnerGroup;Jämtlands län;14;4
2026-05-31;OnePartnerGroup;Jönköpings län;35;17
2026-05-31;OnePartnerGroup;Kalmar län;9;8
2026-05-31;OnePartnerGroup;Kronobergs län;13;6
2026-05-31;OnePartnerGroup;Norrbottens län;6;3
2026-05-31;OnePartnerGroup;Skåne län;9;8
2026-05-31;OnePartnerGroup;Stockholms län;15;10
2026-05-31;OnePartnerGroup;Södermanlands län;1;0
2026-05-31;OnePartnerGroup;Uppsala län;1;0
2026-05-31;OnePartnerGroup;Västerbottens län;7;4
2026-05-31;OnePartnerGroup;Västernorrlands län;16;8
2026-05-31;OnePartnerGroup;Västra Götalands län;35;16
2026-05-31;OnePartnerGroup;Östergötlands län;6;3
2026-05-31;Skill;Blekinge län;1;0
2026-05-31;Skill;Jönköpings län;4;3
2026-05-31;Skill;Kalmar län;2;1
2026-05-31;Skill;Stockholms län;1;0
2026-05-31;Skill;Uppsala län;1;1
2026-05-31;Skill;Västra Götalands län;13;8
2026-05-31;Skill;Örebro län;1;0
2026-05-31;Skill;Östergötlands län;58;32
2026-05-31;Arena Personal;Blekinge län;1;1
2026-05-31;Arena Personal;Jämtlands län;1;0
2026-05-31;Arena Personal;Jönköpings län;2;2
2026-05-31;Arena Personal;Kronobergs län;1;1
2026-05-31;Arena Personal;Norrbottens län;2;0
2026-05-31;Arena Personal;Skåne län;6;5
2026-05-31;Arena Personal;Stockholms län;23;18
2026-05-31;Arena Personal;Södermanlands län;35;21
2026-05-31;Arena Personal;Uppsala län;2;0
2026-05-31;Arena Personal;Västerbottens län;1;1
2026-05-31;Arena Personal;Västernorrlands län;1;1
2026-05-31;Arena Personal;Västmanlands län;4;3
2026-05-31;Arena Personal;Västra Götalands län;10;3
2026-05-31;Arena Personal;Örebro län;6;5
2026-05-31;Arena Personal;Östergötlands län;5;3
2026-05-31;Tranpenad;Jönköpings län;3;2
2026-05-31;Tranpenad;Skåne län;1;1
2026-05-31;Tranpenad;Stockholms län;6;0
2026-05-31;Tranpenad;Södermanlands län;3;3
2026-05-31;Tranpenad;Uppsala län;5;1
2026-05-31;Tranpenad;Västmanlands län;1;1
2026-05-31;Tranpenad;Västra Götalands län;21;1
2026-05-31;Tranpenad;Östergötlands län;2;1
2026-05-31;Jobandtalent;Blekinge län;1;0
2026-05-31;Jobandtalent;Gävleborgs län;1;1
2026-05-31;Jobandtalent;Hallands län;13;7
2026-05-31;Jobandtalent;Jönköpings län;8;5
2026-05-31;Jobandtalent;Kalmar län;1;1
2026-05-31;Jobandtalent;Kronobergs län;1;0
2026-05-31;Jobandtalent;Norrbottens län;1;1
2026-05-31;Jobandtalent;Skåne län;14;6
2026-05-31;Jobandtalent;Stockholms län;17;12
2026-05-31;Jobandtalent;Södermanlands län;4;1
2026-05-31;Jobandtalent;Uppsala län;1;1
2026-05-31;Jobandtalent;Värmlands län;3;3
2026-05-31;Jobandtalent;Västerbottens län;2;0
2026-05-31;Jobandtalent;Västernorrlands län;2;0
2026-05-31;Jobandtalent;Västmanlands län;1;0
2026-05-31;Jobandtalent;Västra Götalands län;18;12
2026-05-31;Jobandtalent;Örebro län;5;5
2026-05-31;Jobandtalent;Östergötlands län;30;6
2026-05-31;NearYou;Hallands län;4;4
2026-05-31;NearYou;Jönköpings län;7;6
2026-05-31;NearYou;Kalmar län;9;5
2026-05-31;NearYou;Skåne län;1;1
2026-05-31;NearYou;Västra Götalands län;56;37
2026-05-31;NearYou;Örebro län;2;2
2026-05-31;SJR;Dalarnas län;1;1
2026-05-31;SJR;Skåne län;2;1
2026-05-31;SJR;Stockholms län;13;7
2026-05-31;SJR;Uppsala län;4;2
2026-05-31;SJR;Västra Götalands län;5;5
2026-05-31;Clockwork;Dalarnas län;20;12
2026-05-31;Clockwork;Gävleborgs län;8;6
2026-05-31;Clockwork;Stockholms län;6;6
2026-05-31;Clockwork;Södermanlands län;3;3
2026-05-31;Clockwork;Uppsala län;1;1
2026-05-31;Clockwork;Västerbottens län;3;3
2026-05-31;Clockwork;Västmanlands län;4;2
2026-05-31;Clockwork;Västra Götalands län;1;0
2026-05-31;Logent;Hallands län;5;1
2026-05-31;Logent;Skåne län;13;4
2026-05-31;Logent;Stockholms län;6;4
2026-05-31;Logent;Uppsala län;1;1
2026-05-31;Logent;Västra Götalands län;8;1
2026-05-31;Bemannia;Hallands län;3;3
2026-05-31;Bemannia;Jämtlands län;1;1
2026-05-31;Bemannia;Jönköpings län;1;1
2026-05-31;Bemannia;Skåne län;2;2
2026-05-31;Bemannia;Stockholms län;20;10
2026-05-31;Bemannia;Södermanlands län;1;1
2026-05-31;Bemannia;Västra Götalands län;4;4
2026-05-31;Framtiden i Sverige;Blekinge län;2;1
2026-05-31;Framtiden i Sverige;Dalarnas län;9;2
2026-05-31;Framtiden i Sverige;Gotlands län;2;1
2026-05-31;Framtiden i Sverige;Gävleborgs län;1;1
2026-05-31;Framtiden i Sverige;Hallands län;4;2
2026-05-31;Framtiden i Sverige;Jönköpings län;17;5
2026-05-31;Framtiden i Sverige;Kalmar län;3;0
2026-05-31;Framtiden i Sverige;Norrbottens län;1;0
2026-05-31;Framtiden i Sverige;Skåne län;9;6
2026-05-31;Framtiden i Sverige;Stockholms län;32;16
2026-05-31;Framtiden i Sverige;Södermanlands län;1;0
2026-05-31;Framtiden i Sverige;Uppsala län;6;3
2026-05-31;Framtiden i Sverige;Värmlands län;6;1
2026-05-31;Framtiden i Sverige;Västernorrlands län;1;1
2026-05-31;Framtiden i Sverige;Västmanlands län;4;2
2026-05-31;Framtiden i Sverige;Västra Götalands län;21;8
2026-05-31;Framtiden i Sverige;Örebro län;4;3
2026-05-31;Framtiden i Sverige;Östergötlands län;39;14
2026-05-31;Professionals Nord;Jämtlands län;1;0
2026-05-31;Professionals Nord;Kalmar län;1;1
2026-05-31;Professionals Nord;Norrbottens län;70;28
2026-05-31;Professionals Nord;Skåne län;6;5
2026-05-31;Professionals Nord;Stockholms län;16;9
2026-05-31;Professionals Nord;Södermanlands län;3;0
2026-05-31;Professionals Nord;Uppsala län;1;1
2026-05-31;Professionals Nord;Värmlands län;2;2
2026-05-31;Professionals Nord;Västerbottens län;12;5
2026-05-31;Professionals Nord;Västernorrlands län;11;3
2026-05-31;Professionals Nord;Västmanlands län;9;1
2026-05-31;Professionals Nord;Västra Götalands län;19;9
2026-05-31;Professionals Nord;Örebro län;6;3
2026-05-31;Professionals Nord;Östergötlands län;12;7
2026-05-31;Bravura;Gävleborgs län;2;1
2026-05-31;Bravura;Hallands län;1;0
2026-05-31;Bravura;Jämtlands län;1;0
2026-05-31;Bravura;Jönköpings län;11;5
2026-05-31;Bravura;Kalmar län;1;0
2026-05-31;Bravura;Kronobergs län;3;1
2026-05-31;Bravura;Norrbottens län;2;0
2026-05-31;Bravura;Skåne län;18;8
2026-05-31;Bravura;Stockholms län;62;21
2026-05-31;Bravura;Södermanlands län;1;0
2026-05-31;Bravura;Uppsala län;3;2
2026-05-31;Bravura;Värmlands län;4;4
2026-05-31;Bravura;Västerbottens län;1;0
2026-05-31;Bravura;Västernorrlands län;4;4
2026-05-31;Bravura;Västmanlands län;2;0
2026-05-31;Bravura;Västra Götalands län;22;13
2026-05-31;Bravura;Örebro län;1;0
2026-05-31;Bravura;Östergötlands län;10;4
2026-05-31;Jurek;Gävleborgs län;1;1
2026-05-31;Jurek;Skåne län;3;2
2026-05-31;Jurek;Stockholms län;15;6
2026-05-31;Jurek;Uppsala län;3;1
2026-05-31;Jurek;Västra Götalands län;7;2
2026-05-31;TNG Group;Kronobergs län;3;1
2026-05-31;TNG Group;Skåne län;6;3
2026-05-31;TNG Group;Stockholms län;23;15
2026-05-31;TNG Group;Södermanlands län;1;0
2026-05-31;TNG Group;Uppsala län;1;1
2026-05-31;TNG Group;Västmanlands län;1;0
2026-05-31;TNG Group;Västra Götalands län;7;2
2026-05-31;TNG Group;Örebro län;2;1
2026-05-31;TNG Group;Östergötlands län;1;0
2026-05-31;Eterni Sweden;Blekinge län;1;1
2026-05-31;Eterni Sweden;Hallands län;2;2
2026-05-31;Eterni Sweden;Jönköpings län;19;12
2026-05-31;Eterni Sweden;Kalmar län;8;2
2026-05-31;Eterni Sweden;Kronobergs län;21;11
2026-05-31;Eterni Sweden;Skåne län;10;8
2026-05-31;Eterni Sweden;Stockholms län;6;3
2026-05-31;Eterni Sweden;Värmlands län;10;4
2026-05-31;Eterni Sweden;Västmanlands län;1;0
2026-05-31;Eterni Sweden;Västra Götalands län;11;5
2026-05-31;Eterni Sweden;Östergötlands län;3;0
2026-05-31;Friday;Blekinge län;2;0
2026-05-31;Friday;Hallands län;2;0
2026-05-31;Friday;Jönköpings län;2;0
2026-05-31;Friday;Kronobergs län;2;1
2026-05-31;Friday;Skåne län;21;9
2026-05-31;Friday;Stockholms län;35;12
2026-05-31;Friday;Södermanlands län;1;0
2026-05-31;Friday;Västmanlands län;2;1
2026-05-31;Friday;Västra Götalands län;50;21
2026-05-31;Friday;Örebro län;4;3
2026-05-31;Friday;Östergötlands län;61;45
2026-05-31;Gazella;Stockholms län;3;2
2026-05-31;Insitepart;Jönköpings län;7;2
2026-05-31;Insitepart;Kalmar län;2;2
2026-05-31;Insitepart;Skåne län;2;1
2026-05-31;Insitepart;Stockholms län;14;7
2026-05-31;Insitepart;Södermanlands län;2;1
2026-05-31;Insitepart;Uppsala län;1;1
2026-05-31;Insitepart;Västra Götalands län;3;2
2026-05-31;Insitepart;Örebro län;5;3
2026-05-31;Wikan Personal;Blekinge län;2;1
2026-05-31;Wikan Personal;Gävleborgs län;11;5
2026-05-31;Wikan Personal;Jönköpings län;8;5
2026-05-31;Wikan Personal;Kalmar län;4;3
2026-05-31;Wikan Personal;Kronobergs län;6;5
2026-05-31;Wikan Personal;Norrbottens län;1;0
2026-05-31;Wikan Personal;Skåne län;35;26
2026-05-31;Wikan Personal;Västerbottens län;10;7
2026-05-31;Wikan Personal;Västernorrlands län;1;0
2026-05-31;Konsultia;Dalarnas län;1;1
2026-05-31;Konsultia;Gävleborgs län;5;4
2026-05-31;Konsultia;Norrbottens län;14;6
2026-05-31;Konsultia;Skåne län;2;0
2026-05-31;Konsultia;Södermanlands län;2;2
2026-05-31;Konsultia;Västerbottens län;5;0
2026-05-31;Konsultia;Västernorrlands län;4;1
2026-05-31;Konsultia;Västra Götalands län;21;17
2026-05-31;Konsultia;Örebro län;1;0
2026-06-01;Manpower;Blekinge län;2;1
2026-06-01;Manpower;Dalarnas län;4;3
2026-06-01;Manpower;Gävleborgs län;2;1
2026-06-01;Manpower;Jämtlands län;2;2
2026-06-01;Manpower;Jönköpings län;3;3
2026-06-01;Manpower;Norrbottens län;1;1
2026-06-01;Manpower;Skåne län;6;4
2026-06-01;Manpower;Stockholms län;5;3
2026-06-01;Manpower;Södermanlands län;1;1
2026-06-01;Manpower;Uppsala län;1;1
2026-06-01;Manpower;Värmlands län;3;1
2026-06-01;Manpower;Västerbottens län;1;1
2026-06-01;Manpower;Västernorrlands län;4;3
2026-06-01;Manpower;Västmanlands län;2;2
2026-06-01;Manpower;Västra Götalands län;13;5
2026-06-01;Manpower;Östergötlands län;1;1
2026-06-01;Lernia;Blekinge län;6;2
2026-06-01;Lernia;Gävleborgs län;3;1
2026-06-01;Lernia;Hallands län;31;5
2026-06-01;Lernia;Jämtlands län;1;0
2026-06-01;Lernia;Jönköpings län;14;11
2026-06-01;Lernia;Kalmar län;13;9
2026-06-01;Lernia;Kronobergs län;5;5
2026-06-01;Lernia;Norrbottens län;5;3
2026-06-01;Lernia;Skåne län;12;8
2026-06-01;Lernia;Stockholms län;6;2
2026-06-01;Lernia;Södermanlands län;2;1
2026-06-01;Lernia;Uppsala län;1;0
2026-06-01;Lernia;Västerbottens län;1;0
2026-06-01;Lernia;Västmanlands län;3;1
2026-06-01;Lernia;Västra Götalands län;33;18
2026-06-01;Lernia;Örebro län;1;0
2026-06-01;Lernia;Östergötlands län;6;3
2026-06-01;Adecco;Blekinge län;3;3
2026-06-01;Adecco;Dalarnas län;2;0
2026-06-01;Adecco;Hallands län;6;2
2026-06-01;Adecco;Jönköpings län;10;6
2026-06-01;Adecco;Kalmar län;1;0
2026-06-01;Adecco;Kronobergs län;8;5
2026-06-01;Adecco;Norrbottens län;15;8
2026-06-01;Adecco;Skåne län;21;11
2026-06-01;Adecco;Stockholms län;27;23
2026-06-01;Adecco;Uppsala län;10;10
2026-06-01;Adecco;Värmlands län;5;4
2026-06-01;Adecco;Västerbottens län;2;2
2026-06-01;Adecco;Västernorrlands län;1;1
2026-06-01;Adecco;Västmanlands län;6;5
2026-06-01;Adecco;Västra Götalands län;18;12
2026-06-01;Adecco;Örebro län;1;0
2026-06-01;Adecco;Östergötlands län;8;0
2026-06-01;Perido;Dalarnas län;1;0
2026-06-01;Perido;Jönköpings län;1;0
2026-06-01;Perido;Stockholms län;11;8
2026-06-01;Perido;Västra Götalands län;9;8
2026-06-01;Randstad;Dalarnas län;1;1
2026-06-01;Randstad;Gävleborgs län;2;1
2026-06-01;Randstad;Hallands län;1;0
2026-06-01;Randstad;Jönköpings län;9;4
2026-06-01;Randstad;Norrbottens län;2;1
2026-06-01;Randstad;Skåne län;7;4
2026-06-01;Randstad;Stockholms län;29;15
2026-06-01;Randstad;Södermanlands län;3;3
2026-06-01;Randstad;Uppsala län;8;6
2026-06-01;Randstad;Värmlands län;2;1
2026-06-01;Randstad;Västerbottens län;1;1
2026-06-01;Randstad;Västmanlands län;2;2
2026-06-01;Randstad;Västra Götalands län;49;23
2026-06-01;Randstad;Örebro län;1;1
2026-06-01;Randstad;Östergötlands län;19;3
2026-06-01;Academic Work;Blekinge län;1;1
2026-06-01;Academic Work;Dalarnas län;7;4
2026-06-01;Academic Work;Gävleborgs län;10;7
2026-06-01;Academic Work;Hallands län;1;0
2026-06-01;Academic Work;Jämtlands län;5;3
2026-06-01;Academic Work;Jönköpings län;3;0
2026-06-01;Academic Work;Kalmar län;1;0
2026-06-01;Academic Work;Kronobergs län;3;1
2026-06-01;Academic Work;Norrbottens län;9;2
2026-06-01;Academic Work;Skåne län;51;29
2026-06-01;Academic Work;Stockholms län;138;72
2026-06-01;Academic Work;Södermanlands län;1;0
2026-06-01;Academic Work;Uppsala län;13;7
2026-06-01;Academic Work;Värmlands län;12;3
2026-06-01;Academic Work;Västerbottens län;11;5
2026-06-01;Academic Work;Västernorrlands län;12;6
2026-06-01;Academic Work;Västmanlands län;8;4
2026-06-01;Academic Work;Västra Götalands län;49;24
2026-06-01;Academic Work;Örebro län;26;15
2026-06-01;Academic Work;Östergötlands län;32;14
2026-06-01;Studentconsulting;Blekinge län;1;1
2026-06-01;Studentconsulting;Dalarnas län;3;1
2026-06-01;Studentconsulting;Hallands län;4;2
2026-06-01;Studentconsulting;Jämtlands län;1;1
2026-06-01;Studentconsulting;Jönköpings län;8;4
2026-06-01;Studentconsulting;Kronobergs län;14;5
2026-06-01;Studentconsulting;Norrbottens län;21;17
2026-06-01;Studentconsulting;Skåne län;41;25
2026-06-01;Studentconsulting;Stockholms län;22;13
2026-06-01;Studentconsulting;Södermanlands län;5;3
2026-06-01;Studentconsulting;Uppsala län;2;0
2026-06-01;Studentconsulting;Värmlands län;1;1
2026-06-01;Studentconsulting;Västerbottens län;6;6
2026-06-01;Studentconsulting;Västernorrlands län;4;4
2026-06-01;Studentconsulting;Västmanlands län;7;4
2026-06-01;Studentconsulting;Västra Götalands län;38;21
2026-06-01;Studentconsulting;Örebro län;3;3
2026-06-01;Studentconsulting;Östergötlands län;17;11
2026-06-01;Poolia;Blekinge län;1;1
2026-06-01;Poolia;Dalarnas län;2;2
2026-06-01;Poolia;Gävleborgs län;1;1
2026-06-01;Poolia;Jämtlands län;1;0
2026-06-01;Poolia;Jönköpings län;2;2
2026-06-01;Poolia;Kalmar län;1;0
2026-06-01;Poolia;Norrbottens län;6;4
2026-06-01;Poolia;Skåne län;14;9
2026-06-01;Poolia;Stockholms län;11;8
2026-06-01;Poolia;Uppsala län;1;0
2026-06-01;Poolia;Västerbottens län;2;1
2026-06-01;Poolia;Västmanlands län;3;2
2026-06-01;Poolia;Västra Götalands län;7;7
2026-06-01;Poolia;Örebro län;2;1
2026-06-01;Poolia;Östergötlands län;13;10
2026-06-01;Uniflex;Blekinge län;2;2
2026-06-01;Uniflex;Gävleborgs län;2;2
2026-06-01;Uniflex;Hallands län;4;1
2026-06-01;Uniflex;Jämtlands län;1;1
2026-06-01;Uniflex;Jönköpings län;30;13
2026-06-01;Uniflex;Kalmar län;1;1
2026-06-01;Uniflex;Kronobergs län;5;1
2026-06-01;Uniflex;Norrbottens län;2;2
2026-06-01;Uniflex;Skåne län;14;4
2026-06-01;Uniflex;Stockholms län;20;19
2026-06-01;Uniflex;Södermanlands län;2;1
2026-06-01;Uniflex;Uppsala län;3;2
2026-06-01;Uniflex;Värmlands län;8;7
2026-06-01;Uniflex;Västerbottens län;2;1
2026-06-01;Uniflex;Västernorrlands län;11;7
2026-06-01;Uniflex;Västmanlands län;7;5
2026-06-01;Uniflex;Västra Götalands län;30;7
2026-06-01;Uniflex;Örebro län;11;8
2026-06-01;Uniflex;Östergötlands län;13;2
2026-06-01;OnePartnerGroup;Gotlands län;1;1
2026-06-01;OnePartnerGroup;Gävleborgs län;8;2
2026-06-01;OnePartnerGroup;Hallands län;6;4
2026-06-01;OnePartnerGroup;Jämtlands län;10;4
2026-06-01;OnePartnerGroup;Jönköpings län;32;17
2026-06-01;OnePartnerGroup;Kalmar län;8;7
2026-06-01;OnePartnerGroup;Kronobergs län;12;6
2026-06-01;OnePartnerGroup;Norrbottens län;6;3
2026-06-01;OnePartnerGroup;Skåne län;9;8
2026-06-01;OnePartnerGroup;Stockholms län;14;10
2026-06-01;OnePartnerGroup;Södermanlands län;1;0
2026-06-01;OnePartnerGroup;Västerbottens län;7;4
2026-06-01;OnePartnerGroup;Västernorrlands län;15;8
2026-06-01;OnePartnerGroup;Västra Götalands län;29;14
2026-06-01;OnePartnerGroup;Östergötlands län;6;3
2026-06-01;Skill;Blekinge län;1;0
2026-06-01;Skill;Jönköpings län;3;3
2026-06-01;Skill;Kalmar län;1;1
2026-06-01;Skill;Stockholms län;1;0
2026-06-01;Skill;Uppsala län;1;1
2026-06-01;Skill;Västra Götalands län;10;8
2026-06-01;Skill;Örebro län;1;0
2026-06-01;Skill;Östergötlands län;45;31
2026-06-01;Arena Personal;Blekinge län;1;1
2026-06-01;Arena Personal;Jämtlands län;1;0
2026-06-01;Arena Personal;Jönköpings län;2;2
2026-06-01;Arena Personal;Kronobergs län;1;1
2026-06-01;Arena Personal;Norrbottens län;2;0
2026-06-01;Arena Personal;Skåne län;6;5
2026-06-01;Arena Personal;Stockholms län;23;18
2026-06-01;Arena Personal;Södermanlands län;26;15
2026-06-01;Arena Personal;Uppsala län;3;1
2026-06-01;Arena Personal;Västerbottens län;1;1
2026-06-01;Arena Personal;Västernorrlands län;1;1
2026-06-01;Arena Personal;Västmanlands län;5;4
2026-06-01;Arena Personal;Västra Götalands län;10;3
2026-06-01;Arena Personal;Örebro län;7;6
2026-06-01;Arena Personal;Östergötlands län;5;3
2026-06-01;Tranpenad;Jönköpings län;3;2
2026-06-01;Tranpenad;Skåne län;1;1
2026-06-01;Tranpenad;Stockholms län;5;0
2026-06-01;Tranpenad;Södermanlands län;3;3
2026-06-01;Tranpenad;Uppsala län;5;1
2026-06-01;Tranpenad;Västmanlands län;1;1
2026-06-01;Tranpenad;Västra Götalands län;21;1
2026-06-01;Tranpenad;Östergötlands län;2;1
2026-06-01;Jobandtalent;Gävleborgs län;1;1
2026-06-01;Jobandtalent;Hallands län;11;7
2026-06-01;Jobandtalent;Jönköpings län;7;5
2026-06-01;Jobandtalent;Kalmar län;1;1
2026-06-01;Jobandtalent;Kronobergs län;1;0
2026-06-01;Jobandtalent;Norrbottens län;1;1
2026-06-01;Jobandtalent;Skåne län;12;5
2026-06-01;Jobandtalent;Stockholms län;17;12
2026-06-01;Jobandtalent;Södermanlands län;4;1
2026-06-01;Jobandtalent;Uppsala län;1;1
2026-06-01;Jobandtalent;Värmlands län;3;3
2026-06-01;Jobandtalent;Västerbottens län;2;0
2026-06-01;Jobandtalent;Västernorrlands län;2;0
2026-06-01;Jobandtalent;Västmanlands län;1;0
2026-06-01;Jobandtalent;Västra Götalands län;17;11
2026-06-01;Jobandtalent;Örebro län;5;5
2026-06-01;Jobandtalent;Östergötlands län;30;6
2026-06-01;NearYou;Hallands län;4;4
2026-06-01;NearYou;Jönköpings län;6;5
2026-06-01;NearYou;Kalmar län;9;5
2026-06-01;NearYou;Skåne län;1;1
2026-06-01;NearYou;Västra Götalands län;56;37
2026-06-01;NearYou;Örebro län;2;2
2026-06-01;SJR;Dalarnas län;1;1
2026-06-01;SJR;Skåne län;2;1
2026-06-01;SJR;Stockholms län;13;7
2026-06-01;SJR;Uppsala län;4;2
2026-06-01;SJR;Västra Götalands län;5;5
2026-06-01;Clockwork;Dalarnas län;20;12
2026-06-01;Clockwork;Gävleborgs län;8;6
2026-06-01;Clockwork;Stockholms län;6;6
2026-06-01;Clockwork;Södermanlands län;3;3
2026-06-01;Clockwork;Uppsala län;1;1
2026-06-01;Clockwork;Västerbottens län;3;3
2026-06-01;Clockwork;Västmanlands län;3;2
2026-06-01;Clockwork;Västra Götalands län;1;0
2026-06-01;Logent;Hallands län;5;1
2026-06-01;Logent;Skåne län;13;4
2026-06-01;Logent;Stockholms län;5;4
2026-06-01;Logent;Uppsala län;1;1
2026-06-01;Logent;Västra Götalands län;8;1
2026-06-01;Bemannia;Hallands län;3;3
2026-06-01;Bemannia;Jämtlands län;1;1
2026-06-01;Bemannia;Jönköpings län;1;1
2026-06-01;Bemannia;Skåne län;2;2
2026-06-01;Bemannia;Stockholms län;19;10
2026-06-01;Bemannia;Södermanlands län;1;1
2026-06-01;Bemannia;Västra Götalands län;4;4
2026-06-01;Framtiden i Sverige;Blekinge län;2;1
2026-06-01;Framtiden i Sverige;Dalarnas län;9;2
2026-06-01;Framtiden i Sverige;Gotlands län;2;1
2026-06-01;Framtiden i Sverige;Gävleborgs län;1;1
2026-06-01;Framtiden i Sverige;Hallands län;2;2
2026-06-01;Framtiden i Sverige;Jönköpings län;16;5
2026-06-01;Framtiden i Sverige;Kalmar län;1;0
2026-06-01;Framtiden i Sverige;Norrbottens län;1;0
2026-06-01;Framtiden i Sverige;Skåne län;7;6
2026-06-01;Framtiden i Sverige;Stockholms län;27;16
2026-06-01;Framtiden i Sverige;Uppsala län;5;3
2026-06-01;Framtiden i Sverige;Värmlands län;5;1
2026-06-01;Framtiden i Sverige;Västernorrlands län;1;1
2026-06-01;Framtiden i Sverige;Västmanlands län;3;2
2026-06-01;Framtiden i Sverige;Västra Götalands län;14;8
2026-06-01;Framtiden i Sverige;Örebro län;4;3
2026-06-01;Framtiden i Sverige;Östergötlands län;35;14
2026-06-01;Professionals Nord;Jämtlands län;1;0
2026-06-01;Professionals Nord;Kalmar län;1;1
2026-06-01;Professionals Nord;Norrbottens län;53;22
2026-06-01;Professionals Nord;Skåne län;5;5
2026-06-01;Professionals Nord;Stockholms län;14;9
2026-06-01;Professionals Nord;Södermanlands län;2;0
2026-06-01;Professionals Nord;Uppsala län;1;1
2026-06-01;Professionals Nord;Värmlands län;2;2
2026-06-01;Professionals Nord;Västerbottens län;12;5
2026-06-01;Professionals Nord;Västernorrlands län;7;3
2026-06-01;Professionals Nord;Västmanlands län;4;1
2026-06-01;Professionals Nord;Västra Götalands län;18;9
2026-06-01;Professionals Nord;Örebro län;5;3
2026-06-01;Professionals Nord;Östergötlands län;12;7
2026-06-01;Bravura;Gävleborgs län;2;1
2026-06-01;Bravura;Hallands län;1;0
2026-06-01;Bravura;Jämtlands län;1;0
2026-06-01;Bravura;Jönköpings län;11;5
2026-06-01;Bravura;Kalmar län;1;0
2026-06-01;Bravura;Kronobergs län;3;1
2026-06-01;Bravura;Norrbottens län;2;0
2026-06-01;Bravura;Skåne län;18;8
2026-06-01;Bravura;Stockholms län;61;20
2026-06-01;Bravura;Södermanlands län;1;0
2026-06-01;Bravura;Uppsala län;3;2
2026-06-01;Bravura;Värmlands län;3;3
2026-06-01;Bravura;Västernorrlands län;1;1
2026-06-01;Bravura;Västmanlands län;2;0
2026-06-01;Bravura;Västra Götalands län;22;13
2026-06-01;Bravura;Örebro län;1;0
2026-06-01;Bravura;Östergötlands län;10;4
2026-06-01;Jurek;Gävleborgs län;1;1
2026-06-01;Jurek;Skåne län;3;2
2026-06-01;Jurek;Stockholms län;15;6
2026-06-01;Jurek;Uppsala län;2;1
2026-06-01;Jurek;Västra Götalands län;4;2
2026-06-01;TNG Group;Dalarnas län;1;1
2026-06-01;TNG Group;Kronobergs län;3;1
2026-06-01;TNG Group;Skåne län;6;3
2026-06-01;TNG Group;Stockholms län;26;18
2026-06-01;TNG Group;Södermanlands län;1;0
2026-06-01;TNG Group;Uppsala län;1;1
2026-06-01;TNG Group;Västmanlands län;1;0
2026-06-01;TNG Group;Västra Götalands län;7;2
2026-06-01;TNG Group;Örebro län;2;1
2026-06-01;TNG Group;Östergötlands län;1;0
2026-06-01;Friday;Blekinge län;2;0
2026-06-01;Friday;Hallands län;2;0
2026-06-01;Friday;Jönköpings län;2;0
2026-06-01;Friday;Kronobergs län;2;0
2026-06-01;Friday;Skåne län;20;0
2026-06-01;Friday;Stockholms län;25;0
2026-06-01;Friday;Södermanlands län;1;0
2026-06-01;Friday;Västmanlands län;2;0
2026-06-01;Friday;Västra Götalands län;45;0
2026-06-01;Friday;Örebro län;4;0
2026-06-01;Friday;Östergötlands län;60;0
2026-06-01;Gazella;Stockholms län;2;2
2026-06-01;Insitepart;Jönköpings län;7;2
2026-06-01;Insitepart;Kalmar län;2;2
2026-06-01;Insitepart;Skåne län;2;1
2026-06-01;Insitepart;Stockholms län;12;7
2026-06-01;Insitepart;Södermanlands län;2;1
2026-06-01;Insitepart;Uppsala län;1;1
2026-06-01;Insitepart;Västra Götalands län;3;2
2026-06-01;Insitepart;Örebro län;5;3
2026-06-01;Wikan Personal;Blekinge län;2;1
2026-06-01;Wikan Personal;Gävleborgs län;11;5
2026-06-01;Wikan Personal;Jönköpings län;8;5
2026-06-01;Wikan Personal;Kalmar län;4;3
2026-06-01;Wikan Personal;Kronobergs län;6;5
2026-06-01;Wikan Personal;Norrbottens län;1;0
2026-06-01;Wikan Personal;Skåne län;34;25
2026-06-01;Wikan Personal;Västerbottens län;9;6
2026-06-01;Wikan Personal;Västernorrlands län;1;0
2026-06-01;Konsultia;Dalarnas län;1;1
2026-06-01;Konsultia;Gävleborgs län;5;4
2026-06-01;Konsultia;Norrbottens län;13;6
2026-06-01;Konsultia;Skåne län;2;0
2026-06-01;Konsultia;Södermanlands län;2;2
2026-06-01;Konsultia;Västerbottens län;5;0
2026-06-01;Konsultia;Västernorrlands län;4;1
2026-06-01;Konsultia;Västra Götalands län;21;17
2026-06-01;Konsultia;Örebro län;1;0
2026-06-02;Manpower;Blekinge län;2;1
2026-06-02;Manpower;Dalarnas län;4;3
2026-06-02;Manpower;Gävleborgs län;2;1
2026-06-02;Manpower;Jämtlands län;2;2
2026-06-02;Manpower;Jönköpings län;2;2
2026-06-02;Manpower;Norrbottens län;1;1
2026-06-02;Manpower;Skåne län;6;4
2026-06-02;Manpower;Stockholms län;5;4
2026-06-02;Manpower;Södermanlands län;1;1
2026-06-02;Manpower;Uppsala län;1;1
2026-06-02;Manpower;Värmlands län;2;0
2026-06-02;Manpower;Västerbottens län;1;1
2026-06-02;Manpower;Västernorrlands län;4;3
2026-06-02;Manpower;Västmanlands län;2;0
2026-06-02;Manpower;Västra Götalands län;13;7
2026-06-02;Manpower;Östergötlands län;1;0
2026-06-02;Lernia;Blekinge län;6;2
2026-06-02;Lernia;Gävleborgs län;3;1
2026-06-02;Lernia;Hallands län;31;4
2026-06-02;Lernia;Jämtlands län;1;0
2026-06-02;Lernia;Jönköpings län;14;11
2026-06-02;Lernia;Kalmar län;12;8
2026-06-02;Lernia;Kronobergs län;5;5
2026-06-02;Lernia;Norrbottens län;7;3
2026-06-02;Lernia;Skåne län;12;8
2026-06-02;Lernia;Stockholms län;9;5
2026-06-02;Lernia;Södermanlands län;2;1
2026-06-02;Lernia;Uppsala län;1;0
2026-06-02;Lernia;Västerbottens län;2;1
2026-06-02;Lernia;Västmanlands län;3;1
2026-06-02;Lernia;Västra Götalands län;36;18
2026-06-02;Lernia;Örebro län;1;0
2026-06-02;Lernia;Östergötlands län;6;3
2026-06-02;Adecco;Blekinge län;3;3
2026-06-02;Adecco;Dalarnas län;3;1
2026-06-02;Adecco;Hallands län;7;3
2026-06-02;Adecco;Jönköpings län;9;5
2026-06-02;Adecco;Kalmar län;1;0
2026-06-02;Adecco;Kronobergs län;8;5
2026-06-02;Adecco;Norrbottens län;17;9
2026-06-02;Adecco;Skåne län;22;11
2026-06-02;Adecco;Stockholms län;25;20
2026-06-02;Adecco;Uppsala län;10;10
2026-06-02;Adecco;Värmlands län;5;3
2026-06-02;Adecco;Västerbottens län;3;3
2026-06-02;Adecco;Västernorrlands län;1;1
2026-06-02;Adecco;Västmanlands län;5;2
2026-06-02;Adecco;Västra Götalands län;22;15
2026-06-02;Adecco;Örebro län;2;1
2026-06-02;Adecco;Östergötlands län;7;0
2026-06-02;Perido;Dalarnas län;1;0
2026-06-02;Perido;Jönköpings län;1;0
2026-06-02;Perido;Stockholms län;11;8
2026-06-02;Perido;Västra Götalands län;10;9
2026-06-02;Randstad;Dalarnas län;1;1
2026-06-02;Randstad;Gävleborgs län;2;1
2026-06-02;Randstad;Hallands län;2;1
2026-06-02;Randstad;Jönköpings län;11;6
2026-06-02;Randstad;Norrbottens län;3;2
2026-06-02;Randstad;Skåne län;7;4
2026-06-02;Randstad;Stockholms län;32;19
2026-06-02;Randstad;Södermanlands län;3;3
2026-06-02;Randstad;Uppsala län;7;5
2026-06-02;Randstad;Värmlands län;2;1
2026-06-02;Randstad;Västerbottens län;1;1
2026-06-02;Randstad;Västmanlands län;2;2
2026-06-02;Randstad;Västra Götalands län;50;25
2026-06-02;Randstad;Örebro län;2;2
2026-06-02;Randstad;Östergötlands län;21;5
2026-06-02;Academic Work;Blekinge län;1;1
2026-06-02;Academic Work;Dalarnas län;7;3
2026-06-02;Academic Work;Gävleborgs län;9;7
2026-06-02;Academic Work;Hallands län;2;1
2026-06-02;Academic Work;Jämtlands län;5;4
2026-06-02;Academic Work;Jönköpings län;2;0
2026-06-02;Academic Work;Kalmar län;1;0
2026-06-02;Academic Work;Kronobergs län;3;1
2026-06-02;Academic Work;Norrbottens län;9;2
2026-06-02;Academic Work;Skåne län;50;29
2026-06-02;Academic Work;Stockholms län;134;70
2026-06-02;Academic Work;Södermanlands län;1;0
2026-06-02;Academic Work;Uppsala län;10;5
2026-06-02;Academic Work;Värmlands län;12;4
2026-06-02;Academic Work;Västerbottens län;10;4
2026-06-02;Academic Work;Västernorrlands län;12;5
2026-06-02;Academic Work;Västmanlands län;8;4
2026-06-02;Academic Work;Västra Götalands län;48;24
2026-06-02;Academic Work;Örebro län;26;16
2026-06-02;Academic Work;Östergötlands län;30;14
2026-06-02;Studentconsulting;Blekinge län;1;1
2026-06-02;Studentconsulting;Dalarnas län;3;1
2026-06-02;Studentconsulting;Hallands län;4;3
2026-06-02;Studentconsulting;Jämtlands län;1;1
2026-06-02;Studentconsulting;Jönköpings län;8;3
2026-06-02;Studentconsulting;Kalmar län;1;1
2026-06-02;Studentconsulting;Kronobergs län;15;6
2026-06-02;Studentconsulting;Norrbottens län;25;21
2026-06-02;Studentconsulting;Skåne län;40;31
2026-06-02;Studentconsulting;Stockholms län;26;17
2026-06-02;Studentconsulting;Södermanlands län;5;2
2026-06-02;Studentconsulting;Uppsala län;2;0
2026-06-02;Studentconsulting;Värmlands län;1;1
2026-06-02;Studentconsulting;Västerbottens län;8;8
2026-06-02;Studentconsulting;Västernorrlands län;4;4
2026-06-02;Studentconsulting;Västmanlands län;7;4
2026-06-02;Studentconsulting;Västra Götalands län;33;17
2026-06-02;Studentconsulting;Örebro län;3;2
2026-06-02;Studentconsulting;Östergötlands län;18;10
2026-06-02;Poolia;Blekinge län;1;1
2026-06-02;Poolia;Dalarnas län;2;2
2026-06-02;Poolia;Jämtlands län;1;0
2026-06-02;Poolia;Jönköpings län;2;2
2026-06-02;Poolia;Kalmar län;1;0
2026-06-02;Poolia;Norrbottens län;6;4
2026-06-02;Poolia;Skåne län;14;7
2026-06-02;Poolia;Stockholms län;10;7
2026-06-02;Poolia;Västmanlands län;3;2
2026-06-02;Poolia;Västra Götalands län;10;10
2026-06-02;Poolia;Örebro län;2;1
2026-06-02;Poolia;Östergötlands län;11;8
2026-06-02;Uniflex;Blekinge län;2;1
2026-06-02;Uniflex;Gävleborgs län;2;2
2026-06-02;Uniflex;Hallands län;4;1
2026-06-02;Uniflex;Jämtlands län;1;1
2026-06-02;Uniflex;Jönköpings län;29;13
2026-06-02;Uniflex;Kalmar län;1;1
2026-06-02;Uniflex;Kronobergs län;4;1
2026-06-02;Uniflex;Norrbottens län;2;2
2026-06-02;Uniflex;Skåne län;13;1
2026-06-02;Uniflex;Stockholms län;23;21
2026-06-02;Uniflex;Södermanlands län;2;1
2026-06-02;Uniflex;Uppsala län;3;2
2026-06-02;Uniflex;Värmlands län;7;7
2026-06-02;Uniflex;Västerbottens län;1;1
2026-06-02;Uniflex;Västernorrlands län;11;7
2026-06-02;Uniflex;Västmanlands län;7;5
2026-06-02;Uniflex;Västra Götalands län;26;7
2026-06-02;Uniflex;Örebro län;11;8
2026-06-02;Uniflex;Östergötlands län;7;1
2026-06-02;OnePartnerGroup;Gotlands län;1;1
2026-06-02;OnePartnerGroup;Gävleborgs län;8;2
2026-06-02;OnePartnerGroup;Hallands län;6;3
2026-06-02;OnePartnerGroup;Jämtlands län;10;4
2026-06-02;OnePartnerGroup;Jönköpings län;32;14
2026-06-02;OnePartnerGroup;Kalmar län;8;5
2026-06-02;OnePartnerGroup;Kronobergs län;9;4
2026-06-02;OnePartnerGroup;Norrbottens län;6;3
2026-06-02;OnePartnerGroup;Skåne län;9;8
2026-06-02;OnePartnerGroup;Stockholms län;15;11
2026-06-02;OnePartnerGroup;Södermanlands län;1;0
2026-06-02;OnePartnerGroup;Västerbottens län;7;4
2026-06-02;OnePartnerGroup;Västernorrlands län;17;10
2026-06-02;OnePartnerGroup;Västra Götalands län;31;16
2026-06-02;OnePartnerGroup;Östergötlands län;6;2
2026-06-02;Skill;Blekinge län;1;0
2026-06-02;Skill;Jönköpings län;3;3
2026-06-02;Skill;Kalmar län;2;2
2026-06-02;Skill;Stockholms län;1;0
2026-06-02;Skill;Uppsala län;1;1
2026-06-02;Skill;Västra Götalands län;10;8
2026-06-02;Skill;Örebro län;1;0
2026-06-02;Skill;Östergötlands län;42;26
2026-06-02;Arena Personal;Blekinge län;1;1
2026-06-02;Arena Personal;Jämtlands län;1;0
2026-06-02;Arena Personal;Jönköpings län;2;2
2026-06-02;Arena Personal;Kronobergs län;1;1
2026-06-02;Arena Personal;Norrbottens län;2;0
2026-06-02;Arena Personal;Skåne län;6;5
2026-06-02;Arena Personal;Stockholms län;26;21
2026-06-02;Arena Personal;Södermanlands län;32;21
2026-06-02;Arena Personal;Uppsala län;3;1
2026-06-02;Arena Personal;Västerbottens län;1;1
2026-06-02;Arena Personal;Västernorrlands län;5;5
2026-06-02;Arena Personal;Västmanlands län;5;4
2026-06-02;Arena Personal;Västra Götalands län;10;3
2026-06-02;Arena Personal;Örebro län;7;6
2026-06-02;Arena Personal;Östergötlands län;5;2
2026-06-02;Tranpenad;Jönköpings län;3;1
2026-06-02;Tranpenad;Skåne län;1;1
2026-06-02;Tranpenad;Stockholms län;5;0
2026-06-02;Tranpenad;Södermanlands län;3;3
2026-06-02;Tranpenad;Uppsala län;5;0
2026-06-02;Tranpenad;Västmanlands län;1;1
2026-06-02;Tranpenad;Västra Götalands län;22;2
2026-06-02;Tranpenad;Östergötlands län;2;1
2026-06-02;Jobandtalent;Gävleborgs län;1;1
2026-06-02;Jobandtalent;Hallands län;11;7
2026-06-02;Jobandtalent;Jönköpings län;6;4
2026-06-02;Jobandtalent;Kalmar län;1;1
2026-06-02;Jobandtalent;Kronobergs län;1;0
2026-06-02;Jobandtalent;Norrbottens län;1;1
2026-06-02;Jobandtalent;Skåne län;13;6
2026-06-02;Jobandtalent;Stockholms län;18;13
2026-06-02;Jobandtalent;Södermanlands län;4;1
2026-06-02;Jobandtalent;Uppsala län;1;1
2026-06-02;Jobandtalent;Värmlands län;3;3
2026-06-02;Jobandtalent;Västerbottens län;1;0
2026-06-02;Jobandtalent;Västernorrlands län;2;0
2026-06-02;Jobandtalent;Västmanlands län;1;0
2026-06-02;Jobandtalent;Västra Götalands län;16;12
2026-06-02;Jobandtalent;Örebro län;5;5
2026-06-02;Jobandtalent;Östergötlands län;30;4
2026-06-02;NearYou;Hallands län;4;4
2026-06-02;NearYou;Jönköpings län;16;14
2026-06-02;NearYou;Kalmar län;9;6
2026-06-02;NearYou;Skåne län;1;1
2026-06-02;NearYou;Västra Götalands län;53;33
2026-06-02;NearYou;Örebro län;2;1
2026-06-02;SJR;Dalarnas län;1;1
2026-06-02;SJR;Skåne län;2;1
2026-06-02;SJR;Stockholms län;15;9
2026-06-02;SJR;Uppsala län;4;2
2026-06-02;SJR;Västra Götalands län;5;4
2026-06-02;Clockwork;Dalarnas län;15;11
2026-06-02;Clockwork;Gävleborgs län;6;5
2026-06-02;Clockwork;Stockholms län;7;6
2026-06-02;Clockwork;Södermanlands län;3;3
2026-06-02;Clockwork;Västerbottens län;3;3
2026-06-02;Clockwork;Västmanlands län;2;1
2026-06-02;Logent;Hallands län;5;1
2026-06-02;Logent;Skåne län;14;6
2026-06-02;Logent;Stockholms län;5;2
2026-06-02;Logent;Uppsala län;1;1
2026-06-02;Logent;Västra Götalands län;8;0
2026-06-02;Logent;Östergötlands län;2;2
2026-06-02;Bemannia;Hallands län;3;3
2026-06-02;Bemannia;Jämtlands län;1;1
2026-06-02;Bemannia;Jönköpings län;1;1
2026-06-02;Bemannia;Skåne län;2;2
2026-06-02;Bemannia;Stockholms län;13;9
2026-06-02;Bemannia;Södermanlands län;1;1
2026-06-02;Bemannia;Västra Götalands län;4;4
2026-06-02;Framtiden i Sverige;Blekinge län;2;1
2026-06-02;Framtiden i Sverige;Dalarnas län;9;2
2026-06-02;Framtiden i Sverige;Gotlands län;2;0
2026-06-02;Framtiden i Sverige;Gävleborgs län;1;1
2026-06-02;Framtiden i Sverige;Hallands län;3;3
2026-06-02;Framtiden i Sverige;Jönköpings län;18;8
2026-06-02;Framtiden i Sverige;Kalmar län;1;0
2026-06-02;Framtiden i Sverige;Norrbottens län;1;0
2026-06-02;Framtiden i Sverige;Skåne län;8;7
2026-06-02;Framtiden i Sverige;Stockholms län;26;14
2026-06-02;Framtiden i Sverige;Uppsala län;5;3
2026-06-02;Framtiden i Sverige;Värmlands län;5;1
2026-06-02;Framtiden i Sverige;Västernorrlands län;1;1
2026-06-02;Framtiden i Sverige;Västmanlands län;3;2
2026-06-02;Framtiden i Sverige;Västra Götalands län;14;7
2026-06-02;Framtiden i Sverige;Örebro län;5;4
2026-06-02;Framtiden i Sverige;Östergötlands län;38;15
2026-06-02;Professionals Nord;Gävleborgs län;1;1
2026-06-02;Professionals Nord;Jämtlands län;1;0
2026-06-02;Professionals Nord;Kalmar län;1;1
2026-06-02;Professionals Nord;Norrbottens län;54;22
2026-06-02;Professionals Nord;Skåne län;5;3
2026-06-02;Professionals Nord;Stockholms län;14;7
2026-06-02;Professionals Nord;Södermanlands län;2;0
2026-06-02;Professionals Nord;Uppsala län;1;1
2026-06-02;Professionals Nord;Värmlands län;2;2
2026-06-02;Professionals Nord;Västerbottens län;12;5
2026-06-02;Professionals Nord;Västernorrlands län;7;3
2026-06-02;Professionals Nord;Västmanlands län;4;1
2026-06-02;Professionals Nord;Västra Götalands län;18;9
2026-06-02;Professionals Nord;Örebro län;4;3
2026-06-02;Professionals Nord;Östergötlands län;13;7
2026-06-02;Bravura;Gävleborgs län;2;1
2026-06-02;Bravura;Hallands län;1;0
2026-06-02;Bravura;Jämtlands län;1;0
2026-06-02;Bravura;Jönköpings län;10;4
2026-06-02;Bravura;Kalmar län;1;0
2026-06-02;Bravura;Kronobergs län;3;1
2026-06-02;Bravura;Norrbottens län;2;0
2026-06-02;Bravura;Skåne län;19;10
2026-06-02;Bravura;Stockholms län;66;22
2026-06-02;Bravura;Södermanlands län;1;0
2026-06-02;Bravura;Uppsala län;3;2
2026-06-02;Bravura;Värmlands län;3;3
2026-06-02;Bravura;Västernorrlands län;2;2
2026-06-02;Bravura;Västmanlands län;1;0
2026-06-02;Bravura;Västra Götalands län;23;15
2026-06-02;Bravura;Örebro län;1;0
2026-06-02;Bravura;Östergötlands län;10;2
2026-06-02;Jurek;Skåne län;3;2
2026-06-02;Jurek;Stockholms län;14;6
2026-06-02;Jurek;Uppsala län;2;1
2026-06-02;Jurek;Västra Götalands län;4;2
2026-06-02;TNG Group;Kronobergs län;3;1
2026-06-02;TNG Group;Skåne län;6;4
2026-06-02;TNG Group;Stockholms län;25;16
2026-06-02;TNG Group;Södermanlands län;1;0
2026-06-02;TNG Group;Uppsala län;1;1
2026-06-02;TNG Group;Västernorrlands län;1;1
2026-06-02;TNG Group;Västmanlands län;1;0
2026-06-02;TNG Group;Västra Götalands län;7;2
2026-06-02;TNG Group;Örebro län;5;4
2026-06-02;TNG Group;Östergötlands län;1;0
2026-06-02;Friday;Blekinge län;1;0
2026-06-02;Friday;Hallands län;2;0
2026-06-02;Friday;Jönköpings län;2;0
2026-06-02;Friday;Kronobergs län;2;1
2026-06-02;Friday;Skåne län;20;8
2026-06-02;Friday;Stockholms län;28;14
2026-06-02;Friday;Södermanlands län;1;0
2026-06-02;Friday;Västmanlands län;2;1
2026-06-02;Friday;Västra Götalands län;47;23
2026-06-02;Friday;Örebro län;4;3
2026-06-02;Friday;Östergötlands län;61;45
2026-06-02;Gazella;Stockholms län;3;3
2026-06-02;Insitepart;Jönköpings län;7;0
2026-06-02;Insitepart;Kalmar län;2;2
2026-06-02;Insitepart;Skåne län;2;1
2026-06-02;Insitepart;Stockholms län;10;5
2026-06-02;Insitepart;Södermanlands län;2;1
2026-06-02;Insitepart;Uppsala län;1;1
2026-06-02;Insitepart;Västra Götalands län;3;2
2026-06-02;Insitepart;Örebro län;5;3
2026-06-02;Wikan Personal;Blekinge län;2;1
2026-06-02;Wikan Personal;Gävleborgs län;11;5
2026-06-02;Wikan Personal;Jönköpings län;7;5
2026-06-02;Wikan Personal;Kalmar län;4;3
2026-06-02;Wikan Personal;Kronobergs län;7;4
2026-06-02;Wikan Personal;Skåne län;32;20
2026-06-02;Wikan Personal;Västerbottens län;8;6
2026-06-02;Konsultia;Dalarnas län;1;1
2026-06-02;Konsultia;Gävleborgs län;5;2
2026-06-02;Konsultia;Hallands län;1;1
2026-06-02;Konsultia;Norrbottens län;12;6
2026-06-02;Konsultia;Skåne län;2;0
2026-06-02;Konsultia;Södermanlands län;2;2
2026-06-02;Konsultia;Västerbottens län;4;0
2026-06-02;Konsultia;Västernorrlands län;4;1
2026-06-02;Konsultia;Västra Götalands län;17;12
2026-06-02;Konsultia;Örebro län;1;1
2026-06-03;Manpower;Blekinge län;2;1
2026-06-03;Manpower;Dalarnas län;4;3
2026-06-03;Manpower;Gävleborgs län;2;1
2026-06-03;Manpower;Jämtlands län;2;2
2026-06-03;Manpower;Jönköpings län;2;2
2026-06-03;Manpower;Kalmar län;1;1
2026-06-03;Manpower;Norrbottens län;1;1
2026-06-03;Manpower;Skåne län;6;4
2026-06-03;Manpower;Stockholms län;2;2
2026-06-03;Manpower;Södermanlands län;1;1
2026-06-03;Manpower;Uppsala län;1;1
2026-06-03;Manpower;Värmlands län;3;2
2026-06-03;Manpower;Västerbottens län;1;1
2026-06-03;Manpower;Västernorrlands län;4;3
2026-06-03;Manpower;Västmanlands län;3;1
2026-06-03;Manpower;Västra Götalands län;12;8
2026-06-03;Manpower;Östergötlands län;1;0
2026-06-03;Lernia;Blekinge län;6;2
2026-06-03;Lernia;Gävleborgs län;5;3
2026-06-03;Lernia;Hallands län;39;10
2026-06-03;Lernia;Jämtlands län;1;0
2026-06-03;Lernia;Jönköpings län;14;11
2026-06-03;Lernia;Kalmar län;12;8
2026-06-03;Lernia;Kronobergs län;5;5
2026-06-03;Lernia;Norrbottens län;7;3
2026-06-03;Lernia;Skåne län;14;9
2026-06-03;Lernia;Stockholms län;9;5
2026-06-03;Lernia;Södermanlands län;2;1
2026-06-03;Lernia;Uppsala län;1;0
2026-06-03;Lernia;Västerbottens län;7;6
2026-06-03;Lernia;Västmanlands län;4;2
2026-06-03;Lernia;Västra Götalands län;41;20
2026-06-03;Lernia;Örebro län;1;0
2026-06-03;Lernia;Östergötlands län;8;7
2026-06-03;Adecco;Blekinge län;2;2
2026-06-03;Adecco;Dalarnas län;3;1
2026-06-03;Adecco;Hallands län;9;4
2026-06-03;Adecco;Jönköpings län;9;4
2026-06-03;Adecco;Kalmar län;1;0
2026-06-03;Adecco;Kronobergs län;9;6
2026-06-03;Adecco;Norrbottens län;16;6
2026-06-03;Adecco;Skåne län;23;13
2026-06-03;Adecco;Stockholms län;22;17
2026-06-03;Adecco;Uppsala län;9;9
2026-06-03;Adecco;Värmlands län;7;5
2026-06-03;Adecco;Västerbottens län;3;3
2026-06-03;Adecco;Västernorrlands län;1;1
2026-06-03;Adecco;Västmanlands län;5;2
2026-06-03;Adecco;Västra Götalands län;26;18
2026-06-03;Adecco;Örebro län;2;1
2026-06-03;Adecco;Östergötlands län;7;0
2026-06-03;Perido;Dalarnas län;1;0
2026-06-03;Perido;Jönköpings län;1;0
2026-06-03;Perido;Stockholms län;11;9
2026-06-03;Perido;Västra Götalands län;10;9
2026-06-03;Randstad;Dalarnas län;1;1
2026-06-03;Randstad;Gävleborgs län;2;1
2026-06-03;Randstad;Hallands län;2;1
2026-06-03;Randstad;Jönköpings län;11;5
2026-06-03;Randstad;Norrbottens län;4;3
2026-06-03;Randstad;Skåne län;7;3
2026-06-03;Randstad;Stockholms län;31;17
2026-06-03;Randstad;Södermanlands län;3;3
2026-06-03;Randstad;Uppsala län;6;5
2026-06-03;Randstad;Värmlands län;2;1
2026-06-03;Randstad;Västerbottens län;1;1
2026-06-03;Randstad;Västmanlands län;2;2
2026-06-03;Randstad;Västra Götalands län;53;28
2026-06-03;Randstad;Örebro län;3;3
2026-06-03;Randstad;Östergötlands län;20;5
2026-06-03;Academic Work;Dalarnas län;7;2
2026-06-03;Academic Work;Gävleborgs län;12;10
2026-06-03;Academic Work;Hallands län;2;1
2026-06-03;Academic Work;Jämtlands län;5;4
2026-06-03;Academic Work;Jönköpings län;2;0
2026-06-03;Academic Work;Kalmar län;1;0
2026-06-03;Academic Work;Kronobergs län;4;2
2026-06-03;Academic Work;Norrbottens län;8;2
2026-06-03;Academic Work;Skåne län;49;25
2026-06-03;Academic Work;Stockholms län;134;75
2026-06-03;Academic Work;Södermanlands län;1;0
2026-06-03;Academic Work;Uppsala län;10;4
2026-06-03;Academic Work;Värmlands län;12;3
2026-06-03;Academic Work;Västerbottens län;9;4
2026-06-03;Academic Work;Västernorrlands län;10;5
2026-06-03;Academic Work;Västmanlands län;8;4
2026-06-03;Academic Work;Västra Götalands län;48;25
2026-06-03;Academic Work;Örebro län;25;13
2026-06-03;Academic Work;Östergötlands län;30;13
2026-06-03;Studentconsulting;Blekinge län;1;1
2026-06-03;Studentconsulting;Dalarnas län;4;2
2026-06-03;Studentconsulting;Hallands län;5;4
2026-06-03;Studentconsulting;Jämtlands län;2;2
2026-06-03;Studentconsulting;Jönköpings län;8;2
2026-06-03;Studentconsulting;Kalmar län;1;1
2026-06-03;Studentconsulting;Kronobergs län;15;6
2026-06-03;Studentconsulting;Norrbottens län;25;20
2026-06-03;Studentconsulting;Skåne län;42;32
2026-06-03;Studentconsulting;Stockholms län;27;18
2026-06-03;Studentconsulting;Södermanlands län;6;2
2026-06-03;Studentconsulting;Uppsala län;3;1
2026-06-03;Studentconsulting;Värmlands län;2;2
2026-06-03;Studentconsulting;Västerbottens län;11;11
2026-06-03;Studentconsulting;Västernorrlands län;6;6
2026-06-03;Studentconsulting;Västmanlands län;7;4
2026-06-03;Studentconsulting;Västra Götalands län;36;21
2026-06-03;Studentconsulting;Örebro län;3;2
2026-06-03;Studentconsulting;Östergötlands län;21;13
2026-06-03;Poolia;Blekinge län;1;1
2026-06-03;Poolia;Dalarnas län;2;2
2026-06-03;Poolia;Gotlands län;1;1
2026-06-03;Poolia;Jämtlands län;1;0
2026-06-03;Poolia;Jönköpings län;2;2
2026-06-03;Poolia;Kalmar län;1;0
2026-06-03;Poolia;Norrbottens län;6;4
2026-06-03;Poolia;Skåne län;14;6
2026-06-03;Poolia;Stockholms län;10;8
2026-06-03;Poolia;Västerbottens län;1;1
2026-06-03;Poolia;Västmanlands län;3;1
2026-06-03;Poolia;Västra Götalands län;11;10
2026-06-03;Poolia;Örebro län;2;1
2026-06-03;Poolia;Östergötlands län;11;5
2026-06-03;Uniflex;Blekinge län;2;1
2026-06-03;Uniflex;Gävleborgs län;2;2
2026-06-03;Uniflex;Hallands län;4;1
2026-06-03;Uniflex;Jämtlands län;1;1
2026-06-03;Uniflex;Jönköpings län;29;11
2026-06-03;Uniflex;Kalmar län;1;1
2026-06-03;Uniflex;Kronobergs län;4;1
2026-06-03;Uniflex;Norrbottens län;2;2
2026-06-03;Uniflex;Skåne län;11;1
2026-06-03;Uniflex;Stockholms län;21;18
2026-06-03;Uniflex;Södermanlands län;2;1
2026-06-03;Uniflex;Uppsala län;3;2
2026-06-03;Uniflex;Värmlands län;7;7
2026-06-03;Uniflex;Västerbottens län;1;1
2026-06-03;Uniflex;Västernorrlands län;12;5
2026-06-03;Uniflex;Västmanlands län;8;6
2026-06-03;Uniflex;Västra Götalands län;26;7
2026-06-03;Uniflex;Örebro län;11;8
2026-06-03;Uniflex;Östergötlands län;7;1
2026-06-03;OnePartnerGroup;Gotlands län;1;1
2026-06-03;OnePartnerGroup;Gävleborgs län;8;2
2026-06-03;OnePartnerGroup;Hallands län;5;3
2026-06-03;OnePartnerGroup;Jämtlands län;10;4
2026-06-03;OnePartnerGroup;Jönköpings län;41;23
2026-06-03;OnePartnerGroup;Kalmar län;8;4
2026-06-03;OnePartnerGroup;Kronobergs län;10;5
2026-06-03;OnePartnerGroup;Norrbottens län;5;3
2026-06-03;OnePartnerGroup;Skåne län;10;10
2026-06-03;OnePartnerGroup;Stockholms län;16;10
2026-06-03;OnePartnerGroup;Södermanlands län;1;0
2026-06-03;OnePartnerGroup;Västerbottens län;9;4
2026-06-03;OnePartnerGroup;Västernorrlands län;17;11
2026-06-03;OnePartnerGroup;Västra Götalands län;30;18
2026-06-03;OnePartnerGroup;Östergötlands län;5;2
2026-06-03;Skill;Blekinge län;1;0
2026-06-03;Skill;Jönköpings län;3;3
2026-06-03;Skill;Kalmar län;2;2
2026-06-03;Skill;Stockholms län;2;1
2026-06-03;Skill;Uppsala län;1;1
2026-06-03;Skill;Västra Götalands län;13;11
2026-06-03;Skill;Örebro län;1;0
2026-06-03;Skill;Östergötlands län;47;30
2026-06-03;Arena Personal;Blekinge län;1;1
2026-06-03;Arena Personal;Jämtlands län;1;0
2026-06-03;Arena Personal;Jönköpings län;2;2
2026-06-03;Arena Personal;Kronobergs län;1;1
2026-06-03;Arena Personal;Norrbottens län;2;0
2026-06-03;Arena Personal;Skåne län;6;4
2026-06-03;Arena Personal;Stockholms län;27;21
2026-06-03;Arena Personal;Södermanlands län;35;24
2026-06-03;Arena Personal;Uppsala län;3;1
2026-06-03;Arena Personal;Västerbottens län;1;1
2026-06-03;Arena Personal;Västernorrlands län;5;5
2026-06-03;Arena Personal;Västmanlands län;5;4
2026-06-03;Arena Personal;Västra Götalands län;10;3
2026-06-03;Arena Personal;Örebro län;7;6
2026-06-03;Arena Personal;Östergötlands län;5;2
2026-06-03;Tranpenad;Jönköpings län;3;1
2026-06-03;Tranpenad;Skåne län;1;1
2026-06-03;Tranpenad;Stockholms län;5;0
2026-06-03;Tranpenad;Södermanlands län;3;3
2026-06-03;Tranpenad;Uppsala län;5;0
2026-06-03;Tranpenad;Västmanlands län;1;1
2026-06-03;Tranpenad;Västra Götalands län;22;3
2026-06-03;Tranpenad;Östergötlands län;2;1
2026-06-03;Jobandtalent;Gävleborgs län;1;1
2026-06-03;Jobandtalent;Hallands län;11;7
2026-06-03;Jobandtalent;Jönköpings län;6;4
2026-06-03;Jobandtalent;Kalmar län;1;0
2026-06-03;Jobandtalent;Kronobergs län;1;0
2026-06-03;Jobandtalent;Norrbottens län;1;1
2026-06-03;Jobandtalent;Skåne län;13;6
2026-06-03;Jobandtalent;Stockholms län;18;12
2026-06-03;Jobandtalent;Södermanlands län;4;1
2026-06-03;Jobandtalent;Uppsala län;1;1
2026-06-03;Jobandtalent;Värmlands län;3;0
2026-06-03;Jobandtalent;Västerbottens län;1;0
2026-06-03;Jobandtalent;Västernorrlands län;3;1
2026-06-03;Jobandtalent;Västmanlands län;1;0
2026-06-03;Jobandtalent;Västra Götalands län;15;9
2026-06-03;Jobandtalent;Örebro län;5;4
2026-06-03;Jobandtalent;Östergötlands län;32;6
2026-06-03;NearYou;Hallands län;4;4
2026-06-03;NearYou;Jönköpings län;37;35
2026-06-03;NearYou;Kalmar län;10;6
2026-06-03;NearYou;Skåne län;1;1
2026-06-03;NearYou;Västra Götalands län;57;33
2026-06-03;NearYou;Örebro län;2;0
2026-06-03;SJR;Dalarnas län;1;1
2026-06-03;SJR;Skåne län;2;1
2026-06-03;SJR;Stockholms län;13;7
2026-06-03;SJR;Uppsala län;4;2
2026-06-03;SJR;Västra Götalands län;7;6
2026-06-03;Clockwork;Dalarnas län;16;11
2026-06-03;Clockwork;Gävleborgs län;6;5
2026-06-03;Clockwork;Stockholms län;6;4
2026-06-03;Clockwork;Södermanlands län;3;3
2026-06-03;Clockwork;Västerbottens län;3;3
2026-06-03;Clockwork;Västmanlands län;2;1
2026-06-03;Logent;Hallands län;5;1
2026-06-03;Logent;Skåne län;13;5
2026-06-03;Logent;Stockholms län;6;2
2026-06-03;Logent;Uppsala län;1;1
2026-06-03;Logent;Västra Götalands län;9;1
2026-06-03;Logent;Östergötlands län;2;2
2026-06-03;Bemannia;Gävleborgs län;1;1
2026-06-03;Bemannia;Hallands län;3;3
2026-06-03;Bemannia;Jämtlands län;1;1
2026-06-03;Bemannia;Jönköpings län;1;1
2026-06-03;Bemannia;Skåne län;2;2
2026-06-03;Bemannia;Stockholms län;12;7
2026-06-03;Bemannia;Södermanlands län;1;1
2026-06-03;Bemannia;Västra Götalands län;4;4
2026-06-03;Framtiden i Sverige;Blekinge län;2;1
2026-06-03;Framtiden i Sverige;Dalarnas län;10;3
2026-06-03;Framtiden i Sverige;Gotlands län;2;0
2026-06-03;Framtiden i Sverige;Gävleborgs län;1;1
2026-06-03;Framtiden i Sverige;Hallands län;5;5
2026-06-03;Framtiden i Sverige;Jönköpings län;22;12
2026-06-03;Framtiden i Sverige;Norrbottens län;1;0
2026-06-03;Framtiden i Sverige;Skåne län;8;5
2026-06-03;Framtiden i Sverige;Stockholms län;30;18
2026-06-03;Framtiden i Sverige;Uppsala län;5;3
2026-06-03;Framtiden i Sverige;Värmlands län;3;1
2026-06-03;Framtiden i Sverige;Västernorrlands län;1;1
2026-06-03;Framtiden i Sverige;Västmanlands län;3;2
2026-06-03;Framtiden i Sverige;Västra Götalands län;16;8
2026-06-03;Framtiden i Sverige;Örebro län;6;5
2026-06-03;Framtiden i Sverige;Östergötlands län;41;17
2026-06-03;Professionals Nord;Gävleborgs län;1;1
2026-06-03;Professionals Nord;Jämtlands län;1;0
2026-06-03;Professionals Nord;Kalmar län;1;1
2026-06-03;Professionals Nord;Norrbottens län;66;34
2026-06-03;Professionals Nord;Skåne län;6;4
2026-06-03;Professionals Nord;Stockholms län;14;3
2026-06-03;Professionals Nord;Södermanlands län;2;0
2026-06-03;Professionals Nord;Uppsala län;1;1
2026-06-03;Professionals Nord;Värmlands län;2;2
2026-06-03;Professionals Nord;Västerbottens län;12;5
2026-06-03;Professionals Nord;Västernorrlands län;7;3
2026-06-03;Professionals Nord;Västmanlands län;5;2
2026-06-03;Professionals Nord;Västra Götalands län;18;9
2026-06-03;Professionals Nord;Örebro län;8;6
2026-06-03;Professionals Nord;Östergötlands län;14;8
2026-06-03;Bravura;Gävleborgs län;2;1
2026-06-03;Bravura;Hallands län;1;0
2026-06-03;Bravura;Jämtlands län;1;0
2026-06-03;Bravura;Jönköpings län;12;6
2026-06-03;Bravura;Kalmar län;1;0
2026-06-03;Bravura;Kronobergs län;4;2
2026-06-03;Bravura;Norrbottens län;2;0
2026-06-03;Bravura;Skåne län;18;8
2026-06-03;Bravura;Stockholms län;69;24
2026-06-03;Bravura;Södermanlands län;1;0
2026-06-03;Bravura;Uppsala län;3;2
2026-06-03;Bravura;Värmlands län;4;4
2026-06-03;Bravura;Västernorrlands län;4;4
2026-06-03;Bravura;Västmanlands län;1;0
2026-06-03;Bravura;Västra Götalands län;22;12
2026-06-03;Bravura;Örebro län;1;0
2026-06-03;Bravura;Östergötlands län;10;2
2026-06-03;Jurek;Skåne län;3;2
2026-06-03;Jurek;Stockholms län;17;8
2026-06-03;Jurek;Uppsala län;2;1
2026-06-03;Jurek;Västra Götalands län;3;2
2026-06-03;TNG Group;Dalarnas län;1;1
2026-06-03;TNG Group;Jämtlands län;1;1
2026-06-03;TNG Group;Kronobergs län;3;0
2026-06-03;TNG Group;Skåne län;6;4
2026-06-03;TNG Group;Stockholms län;26;16
2026-06-03;TNG Group;Södermanlands län;1;0
2026-06-03;TNG Group;Uppsala län;1;1
2026-06-03;TNG Group;Västerbottens län;1;1
2026-06-03;TNG Group;Västernorrlands län;1;1
2026-06-03;TNG Group;Västmanlands län;2;1
2026-06-03;TNG Group;Västra Götalands län;7;2
2026-06-03;TNG Group;Örebro län;7;6
2026-06-03;TNG Group;Östergötlands län;1;0
2026-06-03;Friday;Blekinge län;1;0
2026-06-03;Friday;Hallands län;2;0
2026-06-03;Friday;Jönköpings län;2;0
2026-06-03;Friday;Kronobergs län;2;1
2026-06-03;Friday;Skåne län;32;18
2026-06-03;Friday;Stockholms län;30;15
2026-06-03;Friday;Södermanlands län;1;0
2026-06-03;Friday;Västmanlands län;18;17
2026-06-03;Friday;Västra Götalands län;53;27
2026-06-03;Friday;Örebro län;4;2
2026-06-03;Friday;Östergötlands län;63;46
2026-06-03;Gazella;Stockholms län;3;3
2026-06-03;Insitepart;Jönköpings län;7;0
2026-06-03;Insitepart;Kalmar län;2;2
2026-06-03;Insitepart;Skåne län;2;1
2026-06-03;Insitepart;Stockholms län;8;4
2026-06-03;Insitepart;Södermanlands län;2;1
2026-06-03;Insitepart;Uppsala län;1;1
2026-06-03;Insitepart;Västra Götalands län;3;2
2026-06-03;Insitepart;Örebro län;5;3
2026-06-03;Wikan Personal;Blekinge län;2;1
2026-06-03;Wikan Personal;Gävleborgs län;13;7
2026-06-03;Wikan Personal;Jönköpings län;7;5
2026-06-03;Wikan Personal;Kalmar län;4;3
2026-06-03;Wikan Personal;Kronobergs län;7;4
2026-06-03;Wikan Personal;Skåne län;34;20
2026-06-03;Wikan Personal;Västerbottens län;8;6
2026-06-03;Konsultia;Dalarnas län;1;1
2026-06-03;Konsultia;Gävleborgs län;5;2
2026-06-03;Konsultia;Hallands län;1;1
2026-06-03;Konsultia;Norrbottens län;12;6
2026-06-03;Konsultia;Skåne län;2;0
2026-06-03;Konsultia;Södermanlands län;2;2
2026-06-03;Konsultia;Västerbottens län;5;1
2026-06-03;Konsultia;Västernorrlands län;4;1
2026-06-03;Konsultia;Västra Götalands län;18;13
2026-06-03;Konsultia;Örebro län;1;1
2026-06-04;Manpower;Blekinge län;1;0
2026-06-04;Manpower;Dalarnas län;4;1
2026-06-04;Manpower;Gävleborgs län;2;1
2026-06-04;Manpower;Jämtlands län;2;2
2026-06-04;Manpower;Jönköpings län;1;1
2026-06-04;Manpower;Kalmar län;1;1
2026-06-04;Manpower;Norrbottens län;1;1
2026-06-04;Manpower;Skåne län;6;1
2026-06-04;Manpower;Stockholms län;2;2
2026-06-04;Manpower;Södermanlands län;1;1
2026-06-04;Manpower;Uppsala län;1;0
2026-06-04;Manpower;Värmlands län;3;2
2026-06-04;Manpower;Västerbottens län;1;1
2026-06-04;Manpower;Västernorrlands län;4;3
2026-06-04;Manpower;Västmanlands län;3;1
2026-06-04;Manpower;Västra Götalands län;12;7
2026-06-04;Manpower;Östergötlands län;1;0
2026-06-04;Lernia;Blekinge län;6;2
2026-06-04;Lernia;Gävleborgs län;4;3
2026-06-04;Lernia;Hallands län;39;10
2026-06-04;Lernia;Jämtlands län;1;0
2026-06-04;Lernia;Jönköpings län;14;11
2026-06-04;Lernia;Kalmar län;13;8
2026-06-04;Lernia;Kronobergs län;5;4
2026-06-04;Lernia;Norrbottens län;7;3
2026-06-04;Lernia;Skåne län;11;7
2026-06-04;Lernia;Stockholms län;9;5
2026-06-04;Lernia;Södermanlands län;5;4
2026-06-04;Lernia;Uppsala län;1;0
2026-06-04;Lernia;Västerbottens län;7;6
2026-06-04;Lernia;Västmanlands län;4;2
2026-06-04;Lernia;Västra Götalands län;47;25
2026-06-04;Lernia;Östergötlands län;8;7
2026-06-04;Adecco;Blekinge län;2;2
2026-06-04;Adecco;Dalarnas län;3;1
2026-06-04;Adecco;Hallands län;9;4
2026-06-04;Adecco;Jönköpings län;12;7
2026-06-04;Adecco;Kalmar län;1;0
2026-06-04;Adecco;Kronobergs län;6;2
2026-06-04;Adecco;Norrbottens län;21;12
2026-06-04;Adecco;Skåne län;23;12
2026-06-04;Adecco;Stockholms län;33;27
2026-06-04;Adecco;Södermanlands län;1;1
2026-06-04;Adecco;Uppsala län;9;9
2026-06-04;Adecco;Värmlands län;7;4
2026-06-04;Adecco;Västerbottens län;7;7
2026-06-04;Adecco;Västernorrlands län;1;1
2026-06-04;Adecco;Västmanlands län;5;2
2026-06-04;Adecco;Västra Götalands län;26;18
2026-06-04;Adecco;Örebro län;2;1
2026-06-04;Adecco;Östergötlands län;5;0
2026-06-04;Perido;Dalarnas län;1;0
2026-06-04;Perido;Jönköpings län;1;0
2026-06-04;Perido;Kronobergs län;1;1
2026-06-04;Perido;Stockholms län;8;7
2026-06-04;Perido;Västra Götalands län;12;11
2026-06-04;Perido;Östergötlands län;2;2
2026-06-04;Randstad;Dalarnas län;2;2
2026-06-04;Randstad;Gävleborgs län;2;1
2026-06-04;Randstad;Hallands län;3;2
2026-06-04;Randstad;Jönköpings län;11;5
2026-06-04;Randstad;Norrbottens län;4;3
2026-06-04;Randstad;Skåne län;7;3
2026-06-04;Randstad;Stockholms län;35;20
2026-06-04;Randstad;Södermanlands län;3;3
2026-06-04;Randstad;Uppsala län;6;4
2026-06-04;Randstad;Värmlands län;1;1
2026-06-04;Randstad;Västerbottens län;1;1
2026-06-04;Randstad;Västmanlands län;2;2
2026-06-04;Randstad;Västra Götalands län;56;30
2026-06-04;Randstad;Örebro län;4;4
2026-06-04;Randstad;Östergötlands län;22;7
2026-06-04;Academic Work;Dalarnas län;7;1
2026-06-04;Academic Work;Gävleborgs län;14;12
2026-06-04;Academic Work;Hallands län;2;1
2026-06-04;Academic Work;Jämtlands län;9;8
2026-06-04;Academic Work;Jönköpings län;3;1
2026-06-04;Academic Work;Kalmar län;1;0
2026-06-04;Academic Work;Kronobergs län;5;2
2026-06-04;Academic Work;Norrbottens län;8;2
2026-06-04;Academic Work;Skåne län;47;19
2026-06-04;Academic Work;Stockholms län;138;80
2026-06-04;Academic Work;Södermanlands län;1;0
2026-06-04;Academic Work;Uppsala län;12;6
2026-06-04;Academic Work;Värmlands län;12;2
2026-06-04;Academic Work;Västerbottens län;12;7
2026-06-04;Academic Work;Västernorrlands län;10;5
2026-06-04;Academic Work;Västmanlands län;8;4
2026-06-04;Academic Work;Västra Götalands län;46;21
2026-06-04;Academic Work;Örebro län;24;12
2026-06-04;Academic Work;Östergötlands län;30;9
2026-06-04;Studentconsulting;Blekinge län;2;2
2026-06-04;Studentconsulting;Dalarnas län;4;2
2026-06-04;Studentconsulting;Hallands län;5;4
2026-06-04;Studentconsulting;Jämtlands län;2;2
2026-06-04;Studentconsulting;Jönköpings län;6;1
2026-06-04;Studentconsulting;Kalmar län;1;1
2026-06-04;Studentconsulting;Kronobergs län;15;5
2026-06-04;Studentconsulting;Norrbottens län;24;16
2026-06-04;Studentconsulting;Skåne län;41;29
2026-06-04;Studentconsulting;Stockholms län;27;16
2026-06-04;Studentconsulting;Södermanlands län;6;2
2026-06-04;Studentconsulting;Uppsala län;3;1
2026-06-04;Studentconsulting;Värmlands län;2;2
2026-06-04;Studentconsulting;Västerbottens län;10;9
2026-06-04;Studentconsulting;Västernorrlands län;6;6
2026-06-04;Studentconsulting;Västmanlands län;7;3
2026-06-04;Studentconsulting;Västra Götalands län;38;21
2026-06-04;Studentconsulting;Örebro län;4;2
2026-06-04;Studentconsulting;Östergötlands län;22;12
2026-06-04;Poolia;Blekinge län;1;1
2026-06-04;Poolia;Dalarnas län;2;2
2026-06-04;Poolia;Gotlands län;1;1
2026-06-04;Poolia;Jämtlands län;1;0
2026-06-04;Poolia;Jönköpings län;1;1
2026-06-04;Poolia;Kalmar län;1;0
2026-06-04;Poolia;Norrbottens län;5;3
2026-06-04;Poolia;Skåne län;19;11
2026-06-04;Poolia;Stockholms län;9;7
2026-06-04;Poolia;Västerbottens län;1;1
2026-06-04;Poolia;Västmanlands län;2;1
2026-06-04;Poolia;Västra Götalands län;12;11
2026-06-04;Poolia;Örebro län;2;1
2026-06-04;Poolia;Östergötlands län;11;4
2026-06-04;Uniflex;Blekinge län;2;0
2026-06-04;Uniflex;Gävleborgs län;1;1
2026-06-04;Uniflex;Hallands län;4;1
2026-06-04;Uniflex;Jämtlands län;1;1
2026-06-04;Uniflex;Jönköpings län;29;9
2026-06-04;Uniflex;Kalmar län;2;2
2026-06-04;Uniflex;Kronobergs län;4;1
2026-06-04;Uniflex;Norrbottens län;2;2
2026-06-04;Uniflex;Skåne län;16;6
2026-06-04;Uniflex;Stockholms län;41;38
2026-06-04;Uniflex;Södermanlands län;2;0
2026-06-04;Uniflex;Uppsala län;3;2
2026-06-04;Uniflex;Värmlands län;7;6
2026-06-04;Uniflex;Västerbottens län;1;1
2026-06-04;Uniflex;Västernorrlands län;12;4
2026-06-04;Uniflex;Västmanlands län;8;5
2026-06-04;Uniflex;Västra Götalands län;26;7
2026-06-04;Uniflex;Örebro län;14;11
2026-06-04;Uniflex;Östergötlands län;8;2
2026-06-04;OnePartnerGroup;Gotlands län;1;1
2026-06-04;OnePartnerGroup;Gävleborgs län;8;1
2026-06-04;OnePartnerGroup;Hallands län;5;3
2026-06-04;OnePartnerGroup;Jämtlands län;9;3
2026-06-04;OnePartnerGroup;Jönköpings län;41;22
2026-06-04;OnePartnerGroup;Kalmar län;8;4
2026-06-04;OnePartnerGroup;Kronobergs län;20;15
2026-06-04;OnePartnerGroup;Norrbottens län;5;3
2026-06-04;OnePartnerGroup;Skåne län;10;9
2026-06-04;OnePartnerGroup;Stockholms län;15;9
2026-06-04;OnePartnerGroup;Södermanlands län;1;0
2026-06-04;OnePartnerGroup;Västerbottens län;9;3
2026-06-04;OnePartnerGroup;Västernorrlands län;17;11
2026-06-04;OnePartnerGroup;Västra Götalands län;37;24
2026-06-04;OnePartnerGroup;Östergötlands län;5;2
2026-06-04;Skill;Blekinge län;1;0
2026-06-04;Skill;Jönköpings län;3;3
2026-06-04;Skill;Kalmar län;2;2
2026-06-04;Skill;Stockholms län;2;1
2026-06-04;Skill;Uppsala län;1;1
2026-06-04;Skill;Västra Götalands län;13;11
2026-06-04;Skill;Örebro län;1;0
2026-06-04;Skill;Östergötlands län;49;28
2026-06-04;Arena Personal;Blekinge län;1;1
2026-06-04;Arena Personal;Jämtlands län;1;0
2026-06-04;Arena Personal;Jönköpings län;2;2
2026-06-04;Arena Personal;Kronobergs län;1;1
2026-06-04;Arena Personal;Norrbottens län;3;1
2026-06-04;Arena Personal;Skåne län;6;4
2026-06-04;Arena Personal;Stockholms län;28;22
2026-06-04;Arena Personal;Södermanlands län;35;24
2026-06-04;Arena Personal;Uppsala län;3;1
2026-06-04;Arena Personal;Västernorrlands län;5;5
2026-06-04;Arena Personal;Västmanlands län;5;4
2026-06-04;Arena Personal;Västra Götalands län;10;3
2026-06-04;Arena Personal;Örebro län;11;10
2026-06-04;Arena Personal;Östergötlands län;5;2
2026-06-04;Tranpenad;Jönköpings län;3;1
2026-06-04;Tranpenad;Skåne län;1;1
2026-06-04;Tranpenad;Stockholms län;5;0
2026-06-04;Tranpenad;Södermanlands län;3;3
2026-06-04;Tranpenad;Uppsala län;5;0
2026-06-04;Tranpenad;Västmanlands län;1;1
2026-06-04;Tranpenad;Västra Götalands län;22;3
2026-06-04;Tranpenad;Östergötlands län;2;0
2026-06-04;Jobandtalent;Gävleborgs län;1;1
2026-06-04;Jobandtalent;Hallands län;16;11
2026-06-04;Jobandtalent;Jönköpings län;7;5
2026-06-04;Jobandtalent;Kalmar län;1;0
2026-06-04;Jobandtalent;Kronobergs län;1;0
2026-06-04;Jobandtalent;Norrbottens län;1;1
2026-06-04;Jobandtalent;Skåne län;15;5
2026-06-04;Jobandtalent;Stockholms län;19;12
2026-06-04;Jobandtalent;Södermanlands län;4;1
2026-06-04;Jobandtalent;Uppsala län;1;1
2026-06-04;Jobandtalent;Värmlands län;3;0
2026-06-04;Jobandtalent;Västernorrlands län;2;1
2026-06-04;Jobandtalent;Västmanlands län;1;0
2026-06-04;Jobandtalent;Västra Götalands län;15;9
2026-06-04;Jobandtalent;Örebro län;5;4
2026-06-04;Jobandtalent;Östergötlands län;31;7
2026-06-04;NearYou;Hallands län;4;4
2026-06-04;NearYou;Jönköpings län;36;31
2026-06-04;NearYou;Kalmar län;14;10
2026-06-04;NearYou;Skåne län;1;1
2026-06-04;NearYou;Västra Götalands län;57;30
2026-06-04;NearYou;Örebro län;2;0
2026-06-04;SJR;Dalarnas län;1;1
2026-06-04;SJR;Skåne län;3;1
2026-06-04;SJR;Stockholms län;13;7
2026-06-04;SJR;Uppsala län;4;1
2026-06-04;SJR;Västra Götalands län;7;5
2026-06-04;Clockwork;Dalarnas län;16;10
2026-06-04;Clockwork;Gävleborgs län;6;5
2026-06-04;Clockwork;Stockholms län;6;4
2026-06-04;Clockwork;Södermanlands län;3;3
2026-06-04;Clockwork;Västerbottens län;3;2
2026-06-04;Clockwork;Västmanlands län;2;1
2026-06-04;Logent;Hallands län;5;1
2026-06-04;Logent;Skåne län;12;5
2026-06-04;Logent;Stockholms län;6;2
2026-06-04;Logent;Uppsala län;1;1
2026-06-04;Logent;Västra Götalands län;13;5
2026-06-04;Logent;Östergötlands län;2;2
2026-06-04;Bemannia;Gävleborgs län;1;1
2026-06-04;Bemannia;Hallands län;3;3
2026-06-04;Bemannia;Jämtlands län;1;1
2026-06-04;Bemannia;Skåne län;1;1
2026-06-04;Bemannia;Stockholms län;23;18
2026-06-04;Bemannia;Södermanlands län;1;1
2026-06-04;Bemannia;Västra Götalands län;3;3
2026-06-04;Framtiden i Sverige;Blekinge län;1;0
2026-06-04;Framtiden i Sverige;Dalarnas län;10;3
2026-06-04;Framtiden i Sverige;Gotlands län;2;0
2026-06-04;Framtiden i Sverige;Gävleborgs län;1;1
2026-06-04;Framtiden i Sverige;Hallands län;5;5
2026-06-04;Framtiden i Sverige;Jönköpings län;22;12
2026-06-04;Framtiden i Sverige;Norrbottens län;1;0
2026-06-04;Framtiden i Sverige;Skåne län;8;5
2026-06-04;Framtiden i Sverige;Stockholms län;32;20
2026-06-04;Framtiden i Sverige;Uppsala län;5;3
2026-06-04;Framtiden i Sverige;Värmlands län;3;1
2026-06-04;Framtiden i Sverige;Västernorrlands län;4;4
2026-06-04;Framtiden i Sverige;Västmanlands län;3;2
2026-06-04;Framtiden i Sverige;Västra Götalands län;18;11
2026-06-04;Framtiden i Sverige;Örebro län;7;6
2026-06-04;Framtiden i Sverige;Östergötlands län;41;17
2026-06-04;Professionals Nord;Gävleborgs län;1;1
2026-06-04;Professionals Nord;Hallands län;1;1
2026-06-04;Professionals Nord;Jämtlands län;1;0
2026-06-04;Professionals Nord;Kalmar län;1;1
2026-06-04;Professionals Nord;Norrbottens län;63;30
2026-06-04;Professionals Nord;Skåne län;6;4
2026-06-04;Professionals Nord;Stockholms län;19;7
2026-06-04;Professionals Nord;Södermanlands län;2;0
2026-06-04;Professionals Nord;Uppsala län;2;2
2026-06-04;Professionals Nord;Värmlands län;2;1
2026-06-04;Professionals Nord;Västerbottens län;12;5
2026-06-04;Professionals Nord;Västernorrlands län;7;3
2026-06-04;Professionals Nord;Västmanlands län;7;4
2026-06-04;Professionals Nord;Västra Götalands län;18;9
2026-06-04;Professionals Nord;Örebro län;8;6
2026-06-04;Professionals Nord;Östergötlands län;14;8
2026-06-04;Bravura;Gävleborgs län;2;0
2026-06-04;Bravura;Hallands län;1;0
2026-06-04;Bravura;Jämtlands län;1;0
2026-06-04;Bravura;Jönköpings län;12;4
2026-06-04;Bravura;Kalmar län;1;0
2026-06-04;Bravura;Kronobergs län;3;1
2026-06-04;Bravura;Norrbottens län;2;0
2026-06-04;Bravura;Skåne län;18;7
2026-06-04;Bravura;Stockholms län;68;23
2026-06-04;Bravura;Södermanlands län;1;0
2026-06-04;Bravura;Uppsala län;3;2
2026-06-04;Bravura;Värmlands län;4;4
2026-06-04;Bravura;Västernorrlands län;4;4
2026-06-04;Bravura;Västmanlands län;1;0
2026-06-04;Bravura;Västra Götalands län;22;12
2026-06-04;Bravura;Örebro län;1;0
2026-06-04;Bravura;Östergötlands län;11;2
2026-06-04;Jurek;Skåne län;3;2
2026-06-04;Jurek;Stockholms län;14;6
2026-06-04;Jurek;Uppsala län;2;1
2026-06-04;Jurek;Västra Götalands län;3;2
2026-06-04;TNG Group;Dalarnas län;1;1
2026-06-04;TNG Group;Jämtlands län;1;1
2026-06-04;TNG Group;Jönköpings län;1;1
2026-06-04;TNG Group;Kronobergs län;1;0
2026-06-04;TNG Group;Skåne län;5;4
2026-06-04;TNG Group;Stockholms län;26;18
2026-06-04;TNG Group;Södermanlands län;1;0
2026-06-04;TNG Group;Uppsala län;1;1
2026-06-04;TNG Group;Västerbottens län;1;1
2026-06-04;TNG Group;Västernorrlands län;1;1
2026-06-04;TNG Group;Västmanlands län;2;1
2026-06-04;TNG Group;Västra Götalands län;3;2
2026-06-04;TNG Group;Örebro län;7;6
2026-06-04;TNG Group;Östergötlands län;1;0
2026-06-04;Friday;Blekinge län;1;0
2026-06-04;Friday;Hallands län;2;0
2026-06-04;Friday;Jönköpings län;2;0
2026-06-04;Friday;Kronobergs län;2;1
2026-06-04;Friday;Skåne län;32;18
2026-06-04;Friday;Stockholms län;60;45
2026-06-04;Friday;Södermanlands län;1;0
2026-06-04;Friday;Västmanlands län;20;19
2026-06-04;Friday;Västra Götalands län;57;30
2026-06-04;Friday;Örebro län;4;2
2026-06-04;Friday;Östergötlands län;93;76
2026-06-04;Gazella;Stockholms län;3;3
2026-06-04;Insitepart;Jönköpings län;7;0
2026-06-04;Insitepart;Kalmar län;1;1
2026-06-04;Insitepart;Skåne län;2;1
2026-06-04;Insitepart;Stockholms län;8;4
2026-06-04;Insitepart;Södermanlands län;2;1
2026-06-04;Insitepart;Uppsala län;1;1
2026-06-04;Insitepart;Västra Götalands län;1;0
2026-06-04;Insitepart;Örebro län;5;3
2026-06-04;Wikan Personal;Blekinge län;2;1
2026-06-04;Wikan Personal;Gävleborgs län;14;8
2026-06-04;Wikan Personal;Jönköpings län;7;4
2026-06-04;Wikan Personal;Kalmar län;5;4
2026-06-04;Wikan Personal;Kronobergs län;10;7
2026-06-04;Wikan Personal;Skåne län;31;15
2026-06-04;Wikan Personal;Västerbottens län;8;6
2026-06-04;Konsultia;Dalarnas län;1;1
2026-06-04;Konsultia;Gävleborgs län;5;2
2026-06-04;Konsultia;Hallands län;1;1
2026-06-04;Konsultia;Norrbottens län;12;6
2026-06-04;Konsultia;Skåne län;2;0
2026-06-04;Konsultia;Södermanlands län;2;2
2026-06-04;Konsultia;Västerbottens län;5;1
2026-06-04;Konsultia;Västernorrlands län;4;1
2026-06-04;Konsultia;Västra Götalands län;16;11
2026-06-04;Konsultia;Örebro län;1;1
2026-06-05;Manpower;Blekinge län;1;0
2026-06-05;Manpower;Dalarnas län;4;1
2026-06-05;Manpower;Gävleborgs län;2;1
2026-06-05;Manpower;Jämtlands län;2;2
2026-06-05;Manpower;Jönköpings län;1;1
2026-06-05;Manpower;Kalmar län;1;1
2026-06-05;Manpower;Norrbottens län;1;1
2026-06-05;Manpower;Skåne län;6;1
2026-06-05;Manpower;Stockholms län;2;2
2026-06-05;Manpower;Södermanlands län;1;1
2026-06-05;Manpower;Uppsala län;1;0
2026-06-05;Manpower;Värmlands län;3;2
2026-06-05;Manpower;Västerbottens län;1;1
2026-06-05;Manpower;Västernorrlands län;4;3
2026-06-05;Manpower;Västmanlands län;3;1
2026-06-05;Manpower;Västra Götalands län;12;7
2026-06-05;Manpower;Östergötlands län;1;0
2026-06-05;Lernia;Blekinge län;7;2
2026-06-05;Lernia;Gävleborgs län;4;3
2026-06-05;Lernia;Hallands län;36;8
2026-06-05;Lernia;Jämtlands län;1;0
2026-06-05;Lernia;Jönköpings län;16;13
2026-06-05;Lernia;Kalmar län;10;4
2026-06-05;Lernia;Kronobergs län;1;1
2026-06-05;Lernia;Norrbottens län;7;3
2026-06-05;Lernia;Skåne län;11;7
2026-06-05;Lernia;Stockholms län;9;5
2026-06-05;Lernia;Södermanlands län;3;2
2026-06-05;Lernia;Uppsala län;1;0
2026-06-05;Lernia;Västerbottens län;4;3
2026-06-05;Lernia;Västmanlands län;3;1
2026-06-05;Lernia;Västra Götalands län;41;17
2026-06-05;Lernia;Östergötlands län;10;7
2026-06-05;Adecco;Blekinge län;2;2
2026-06-05;Adecco;Dalarnas län;3;1
2026-06-05;Adecco;Hallands län;8;4
2026-06-05;Adecco;Jönköpings län;11;6
2026-06-05;Adecco;Kalmar län;1;0
2026-06-05;Adecco;Kronobergs län;7;3
2026-06-05;Adecco;Norrbottens län;16;7
2026-06-05;Adecco;Skåne län;23;12
2026-06-05;Adecco;Stockholms län;28;22
2026-06-05;Adecco;Södermanlands län;1;1
2026-06-05;Adecco;Uppsala län;4;4
2026-06-05;Adecco;Värmlands län;6;3
2026-06-05;Adecco;Västerbottens län;7;7
2026-06-05;Adecco;Västernorrlands län;1;1
2026-06-05;Adecco;Västmanlands län;8;4
2026-06-05;Adecco;Västra Götalands län;26;18
2026-06-05;Adecco;Örebro län;2;1
2026-06-05;Adecco;Östergötlands län;7;3
2026-06-05;Perido;Dalarnas län;1;0
2026-06-05;Perido;Kronobergs län;1;1
2026-06-05;Perido;Stockholms län;9;7
2026-06-05;Perido;Västra Götalands län;10;10
2026-06-05;Perido;Östergötlands län;3;3
2026-06-05;Randstad;Dalarnas län;2;2
2026-06-05;Randstad;Gävleborgs län;2;1
2026-06-05;Randstad;Hallands län;3;2
2026-06-05;Randstad;Jönköpings län;12;6
2026-06-05;Randstad;Norrbottens län;4;3
2026-06-05;Randstad;Skåne län;9;5
2026-06-05;Randstad;Stockholms län;40;25
2026-06-05;Randstad;Södermanlands län;4;3
2026-06-05;Randstad;Uppsala län;8;6
2026-06-05;Randstad;Värmlands län;1;1
2026-06-05;Randstad;Västerbottens län;1;1
2026-06-05;Randstad;Västmanlands län;2;2
2026-06-05;Randstad;Västra Götalands län;61;31
2026-06-05;Randstad;Örebro län;6;6
2026-06-05;Randstad;Östergötlands län;29;13
2026-06-05;Academic Work;Dalarnas län;7;1
2026-06-05;Academic Work;Gävleborgs län;13;11
2026-06-05;Academic Work;Hallands län;2;1
2026-06-05;Academic Work;Jämtlands län;9;8
2026-06-05;Academic Work;Jönköpings län;4;2
2026-06-05;Academic Work;Kalmar län;1;0
2026-06-05;Academic Work;Kronobergs län;5;2
2026-06-05;Academic Work;Norrbottens län;8;2
2026-06-05;Academic Work;Skåne län;47;17
2026-06-05;Academic Work;Stockholms län;140;77
2026-06-05;Academic Work;Södermanlands län;1;0
2026-06-05;Academic Work;Uppsala län;11;7
2026-06-05;Academic Work;Värmlands län;10;2
2026-06-05;Academic Work;Västerbottens län;12;6
2026-06-05;Academic Work;Västernorrlands län;10;5
2026-06-05;Academic Work;Västmanlands län;9;4
2026-06-05;Academic Work;Västra Götalands län;46;23
2026-06-05;Academic Work;Örebro län;22;10
2026-06-05;Academic Work;Östergötlands län;31;10
2026-06-05;Studentconsulting;Blekinge län;1;1
2026-06-05;Studentconsulting;Dalarnas län;5;2
2026-06-05;Studentconsulting;Hallands län;5;4
2026-06-05;Studentconsulting;Jämtlands län;1;1
2026-06-05;Studentconsulting;Jönköpings län;6;1
2026-06-05;Studentconsulting;Kalmar län;1;1
2026-06-05;Studentconsulting;Kronobergs län;16;6
2026-06-05;Studentconsulting;Norrbottens län;24;15
2026-06-05;Studentconsulting;Skåne län;40;23
2026-06-05;Studentconsulting;Stockholms län;27;15
2026-06-05;Studentconsulting;Södermanlands län;6;2
2026-06-05;Studentconsulting;Uppsala län;3;1
2026-06-05;Studentconsulting;Värmlands län;2;1
2026-06-05;Studentconsulting;Västerbottens län;11;9
2026-06-05;Studentconsulting;Västernorrlands län;6;3
2026-06-05;Studentconsulting;Västmanlands län;8;3
2026-06-05;Studentconsulting;Västra Götalands län;36;19
2026-06-05;Studentconsulting;Örebro län;4;2
2026-06-05;Studentconsulting;Östergötlands län;23;13
2026-06-05;Poolia;Blekinge län;1;1
2026-06-05;Poolia;Dalarnas län;2;1
2026-06-05;Poolia;Gotlands län;1;1
2026-06-05;Poolia;Jönköpings län;1;1
2026-06-05;Poolia;Kalmar län;1;0
2026-06-05;Poolia;Norrbottens län;5;3
2026-06-05;Poolia;Skåne län;19;11
2026-06-05;Poolia;Stockholms län;9;7
2026-06-05;Poolia;Uppsala län;1;1
2026-06-05;Poolia;Västerbottens län;1;1
2026-06-05;Poolia;Västmanlands län;2;1
2026-06-05;Poolia;Västra Götalands län;11;10
2026-06-05;Poolia;Örebro län;2;1
2026-06-05;Poolia;Östergötlands län;11;4
2026-06-05;Uniflex;Blekinge län;2;0
2026-06-05;Uniflex;Gävleborgs län;2;2
2026-06-05;Uniflex;Hallands län;4;1
2026-06-05;Uniflex;Jämtlands län;1;1
2026-06-05;Uniflex;Jönköpings län;28;9
2026-06-05;Uniflex;Kalmar län;1;1
2026-06-05;Uniflex;Kronobergs län;4;1
2026-06-05;Uniflex;Norrbottens län;2;2
2026-06-05;Uniflex;Skåne län;15;6
2026-06-05;Uniflex;Stockholms län;26;23
2026-06-05;Uniflex;Södermanlands län;1;0
2026-06-05;Uniflex;Uppsala län;3;2
2026-06-05;Uniflex;Värmlands län;12;11
2026-06-05;Uniflex;Västerbottens län;1;1
2026-06-05;Uniflex;Västernorrlands län;11;4
2026-06-05;Uniflex;Västmanlands län;8;5
2026-06-05;Uniflex;Västra Götalands län;27;7
2026-06-05;Uniflex;Örebro län;13;9
2026-06-05;Uniflex;Östergötlands län;8;2
2026-06-05;OnePartnerGroup;Dalarnas län;1;1
2026-06-05;OnePartnerGroup;Gotlands län;1;0
2026-06-05;OnePartnerGroup;Gävleborgs län;8;1
2026-06-05;OnePartnerGroup;Hallands län;5;3
2026-06-05;OnePartnerGroup;Jämtlands län;10;4
2026-06-05;OnePartnerGroup;Jönköpings län;36;15
2026-06-05;OnePartnerGroup;Kalmar län;8;3
2026-06-05;OnePartnerGroup;Kronobergs län;12;6
2026-06-05;OnePartnerGroup;Norrbottens län;5;3
2026-06-05;OnePartnerGroup;Skåne län;9;8
2026-06-05;OnePartnerGroup;Stockholms län;15;9
2026-06-05;OnePartnerGroup;Södermanlands län;1;0
2026-06-05;OnePartnerGroup;Västerbottens län;9;3
2026-06-05;OnePartnerGroup;Västernorrlands län;17;11
2026-06-05;OnePartnerGroup;Västra Götalands län;38;24
2026-06-05;OnePartnerGroup;Östergötlands län;5;2
2026-06-05;Skill;Blekinge län;1;0
2026-06-05;Skill;Hallands län;5;5
2026-06-05;Skill;Jönköpings län;3;3
2026-06-05;Skill;Kalmar län;2;2
2026-06-05;Skill;Stockholms län;2;1
2026-06-05;Skill;Uppsala län;1;1
2026-06-05;Skill;Västra Götalands län;12;11
2026-06-05;Skill;Örebro län;1;0
2026-06-05;Skill;Östergötlands län;49;28
2026-06-05;Arena Personal;Blekinge län;1;1
2026-06-05;Arena Personal;Jämtlands län;1;0
2026-06-05;Arena Personal;Jönköpings län;2;2
2026-06-05;Arena Personal;Kronobergs län;1;1
2026-06-05;Arena Personal;Norrbottens län;3;1
2026-06-05;Arena Personal;Skåne län;6;4
2026-06-05;Arena Personal;Stockholms län;26;18
2026-06-05;Arena Personal;Södermanlands län;35;24
2026-06-05;Arena Personal;Uppsala län;3;1
2026-06-05;Arena Personal;Västerbottens län;2;2
2026-06-05;Arena Personal;Västernorrlands län;5;5
2026-06-05;Arena Personal;Västmanlands län;5;4
2026-06-05;Arena Personal;Västra Götalands län;10;3
2026-06-05;Arena Personal;Örebro län;11;10
2026-06-05;Arena Personal;Östergötlands län;5;2
2026-06-05;Tranpenad;Jönköpings län;3;1
2026-06-05;Tranpenad;Skåne län;1;1
2026-06-05;Tranpenad;Stockholms län;5;0
2026-06-05;Tranpenad;Södermanlands län;3;3
2026-06-05;Tranpenad;Uppsala län;5;0
2026-06-05;Tranpenad;Västmanlands län;1;1
2026-06-05;Tranpenad;Västra Götalands län;24;5
2026-06-05;Tranpenad;Östergötlands län;2;0
2026-06-05;Jobandtalent;Gävleborgs län;1;1
2026-06-05;Jobandtalent;Hallands län;16;11
2026-06-05;Jobandtalent;Jönköpings län;7;5
2026-06-05;Jobandtalent;Kalmar län;1;0
2026-06-05;Jobandtalent;Kronobergs län;1;0
2026-06-05;Jobandtalent;Norrbottens län;1;1
2026-06-05;Jobandtalent;Skåne län;15;5
2026-06-05;Jobandtalent;Stockholms län;19;11
2026-06-05;Jobandtalent;Södermanlands län;4;1
2026-06-05;Jobandtalent;Uppsala län;1;1
2026-06-05;Jobandtalent;Västernorrlands län;1;0
2026-06-05;Jobandtalent;Västmanlands län;1;0
2026-06-05;Jobandtalent;Västra Götalands län;15;9
2026-06-05;Jobandtalent;Örebro län;4;4
2026-06-05;Jobandtalent;Östergötlands län;30;7
2026-06-05;NearYou;Hallands län;4;4
2026-06-05;NearYou;Jönköpings län;36;31
2026-06-05;NearYou;Kalmar län;16;12
2026-06-05;NearYou;Skåne län;1;1
2026-06-05;NearYou;Västra Götalands län;56;28
2026-06-05;NearYou;Örebro län;2;0
2026-06-05;SJR;Dalarnas län;1;1
2026-06-05;SJR;Skåne län;3;1
2026-06-05;SJR;Stockholms län;14;8
2026-06-05;SJR;Uppsala län;4;1
2026-06-05;SJR;Västerbottens län;1;1
2026-06-05;SJR;Västmanlands län;1;1
2026-06-05;SJR;Västra Götalands län;7;4
2026-06-05;Clockwork;Dalarnas län;15;9
2026-06-05;Clockwork;Gävleborgs län;5;3
2026-06-05;Clockwork;Stockholms län;6;4
2026-06-05;Clockwork;Södermanlands län;3;2
2026-06-05;Clockwork;Uppsala län;1;1
2026-06-05;Clockwork;Västerbottens län;4;3
2026-06-05;Clockwork;Västmanlands län;2;1
2026-06-05;Clockwork;Östergötlands län;1;1
2026-06-05;Logent;Hallands län;5;1
2026-06-05;Logent;Skåne län;12;5
2026-06-05;Logent;Stockholms län;6;2
2026-06-05;Logent;Uppsala län;1;1
2026-06-05;Logent;Västra Götalands län;13;5
2026-06-05;Logent;Östergötlands län;2;2
2026-06-05;Bemannia;Gävleborgs län;1;1
2026-06-05;Bemannia;Hallands län;4;4
2026-06-05;Bemannia;Skåne län;1;1
2026-06-05;Bemannia;Stockholms län;17;13
2026-06-05;Bemannia;Uppsala län;4;4
2026-06-05;Bemannia;Västra Götalands län;3;2
2026-06-05;Bemannia;Östergötlands län;1;1
2026-06-05;Framtiden i Sverige;Blekinge län;1;0
2026-06-05;Framtiden i Sverige;Dalarnas län;10;2
2026-06-05;Framtiden i Sverige;Gotlands län;2;0
2026-06-05;Framtiden i Sverige;Gävleborgs län;1;1
2026-06-05;Framtiden i Sverige;Hallands län;5;5
2026-06-05;Framtiden i Sverige;Jönköpings län;21;11
2026-06-05;Framtiden i Sverige;Norrbottens län;1;0
2026-06-05;Framtiden i Sverige;Skåne län;8;5
2026-06-05;Framtiden i Sverige;Stockholms län;31;18
2026-06-05;Framtiden i Sverige;Uppsala län;5;3
2026-06-05;Framtiden i Sverige;Värmlands län;3;1
2026-06-05;Framtiden i Sverige;Västernorrlands län;4;3
2026-06-05;Framtiden i Sverige;Västmanlands län;3;2
2026-06-05;Framtiden i Sverige;Västra Götalands län;17;12
2026-06-05;Framtiden i Sverige;Örebro län;7;6
2026-06-05;Framtiden i Sverige;Östergötlands län;38;17
2026-06-05;Professionals Nord;Gävleborgs län;1;1
2026-06-05;Professionals Nord;Hallands län;1;1
2026-06-05;Professionals Nord;Jämtlands län;1;0
2026-06-05;Professionals Nord;Jönköpings län;4;4
2026-06-05;Professionals Nord;Kalmar län;1;1
2026-06-05;Professionals Nord;Norrbottens län;64;31
2026-06-05;Professionals Nord;Skåne län;5;4
2026-06-05;Professionals Nord;Stockholms län;18;7
2026-06-05;Professionals Nord;Södermanlands län;3;1
2026-06-05;Professionals Nord;Uppsala län;2;2
2026-06-05;Professionals Nord;Värmlands län;2;1
2026-06-05;Professionals Nord;Västerbottens län;9;5
2026-06-05;Professionals Nord;Västernorrlands län;7;3
2026-06-05;Professionals Nord;Västmanlands län;7;4
2026-06-05;Professionals Nord;Västra Götalands län;20;10
2026-06-05;Professionals Nord;Örebro län;6;3
2026-06-05;Professionals Nord;Östergötlands län;15;9
2026-06-05;Bravura;Gävleborgs län;2;0
2026-06-05;Bravura;Hallands län;1;0
2026-06-05;Bravura;Jämtlands län;1;0
2026-06-05;Bravura;Jönköpings län;11;3
2026-06-05;Bravura;Kalmar län;1;0
2026-06-05;Bravura;Kronobergs län;3;1
2026-06-05;Bravura;Norrbottens län;3;1
2026-06-05;Bravura;Skåne län;19;6
2026-06-05;Bravura;Stockholms län;67;22
2026-06-05;Bravura;Södermanlands län;1;0
2026-06-05;Bravura;Uppsala län;3;1
2026-06-05;Bravura;Värmlands län;4;4
2026-06-05;Bravura;Västernorrlands län;6;6
2026-06-05;Bravura;Västmanlands län;1;0
2026-06-05;Bravura;Västra Götalands län;26;15
2026-06-05;Bravura;Örebro län;1;0
2026-06-05;Bravura;Östergötlands län;11;2
2026-06-05;Jurek;Skåne län;3;2
2026-06-05;Jurek;Stockholms län;13;5
2026-06-05;Jurek;Uppsala län;1;1
2026-06-05;Jurek;Västra Götalands län;3;2
2026-06-05;TNG Group;Dalarnas län;1;1
2026-06-05;TNG Group;Jämtlands län;1;1
2026-06-05;TNG Group;Jönköpings län;1;1
2026-06-05;TNG Group;Kronobergs län;1;0
2026-06-05;TNG Group;Skåne län;5;4
2026-06-05;TNG Group;Stockholms län;26;16
2026-06-05;TNG Group;Södermanlands län;1;0
2026-06-05;TNG Group;Uppsala län;1;1
2026-06-05;TNG Group;Västerbottens län;1;1
2026-06-05;TNG Group;Västernorrlands län;1;1
2026-06-05;TNG Group;Västmanlands län;2;1
2026-06-05;TNG Group;Västra Götalands län;2;1
2026-06-05;TNG Group;Örebro län;7;6
2026-06-05;TNG Group;Östergötlands län;1;0
2026-06-05;Friday;Blekinge län;1;0
2026-06-05;Friday;Hallands län;4;2
2026-06-05;Friday;Jönköpings län;3;1
2026-06-05;Friday;Kronobergs län;2;0
2026-06-05;Friday;Skåne län;23;10
2026-06-05;Friday;Stockholms län;33;18
2026-06-05;Friday;Södermanlands län;1;0
2026-06-05;Friday;Västmanlands län;3;2
2026-06-05;Friday;Västra Götalands län;55;26
2026-06-05;Friday;Örebro län;4;2
2026-06-05;Friday;Östergötlands län;27;9
2026-06-05;Gazella;Stockholms län;4;2
2026-06-05;Insitepart;Jönköpings län;7;0
2026-06-05;Insitepart;Kalmar län;1;1
2026-06-05;Insitepart;Skåne län;2;0
2026-06-05;Insitepart;Stockholms län;8;4
2026-06-05;Insitepart;Södermanlands län;2;1
2026-06-05;Insitepart;Uppsala län;1;1
2026-06-05;Insitepart;Västra Götalands län;1;0
2026-06-05;Insitepart;Örebro län;5;3
2026-06-05;Wikan Personal;Blekinge län;3;2
2026-06-05;Wikan Personal;Gävleborgs län;14;8
2026-06-05;Wikan Personal;Jönköpings län;9;6
2026-06-05;Wikan Personal;Kalmar län;5;4
2026-06-05;Wikan Personal;Kronobergs län;12;9
2026-06-05;Wikan Personal;Skåne län;29;12
2026-06-05;Wikan Personal;Västerbottens län;9;7
2026-06-05;Konsultia;Dalarnas län;1;1
2026-06-05;Konsultia;Gävleborgs län;5;1
2026-06-05;Konsultia;Hallands län;1;1
2026-06-05;Konsultia;Norrbottens län;14;7
2026-06-05;Konsultia;Skåne län;2;0
2026-06-05;Konsultia;Södermanlands län;2;1
2026-06-05;Konsultia;Västerbottens län;5;1
2026-06-05;Konsultia;Västernorrlands län;7;5
2026-06-05;Konsultia;Västra Götalands län;15;11
2026-06-05;Konsultia;Örebro län;1;1
2026-06-05;Manpower;Blekinge län;1;0
2026-06-05;Manpower;Dalarnas län;4;1
2026-06-05;Manpower;Gävleborgs län;2;1
2026-06-05;Manpower;Jämtlands län;2;2
2026-06-05;Manpower;Jönköpings län;1;1
2026-06-05;Manpower;Kalmar län;1;1
2026-06-05;Manpower;Norrbottens län;1;1
2026-06-05;Manpower;Skåne län;7;2
2026-06-05;Manpower;Stockholms län;2;2
2026-06-05;Manpower;Södermanlands län;1;1
2026-06-05;Manpower;Uppsala län;1;0
2026-06-05;Manpower;Värmlands län;3;2
2026-06-05;Manpower;Västerbottens län;1;1
2026-06-05;Manpower;Västernorrlands län;4;3
2026-06-05;Manpower;Västmanlands län;3;1
2026-06-05;Manpower;Västra Götalands län;12;7
2026-06-05;Manpower;Östergötlands län;1;0
2026-06-05;Lernia;Blekinge län;7;2
2026-06-05;Lernia;Gävleborgs län;4;3
2026-06-05;Lernia;Hallands län;36;8
2026-06-05;Lernia;Jämtlands län;1;0
2026-06-05;Lernia;Jönköpings län;16;13
2026-06-05;Lernia;Kalmar län;10;4
2026-06-05;Lernia;Kronobergs län;1;1
2026-06-05;Lernia;Norrbottens län;7;3
2026-06-05;Lernia;Skåne län;11;7
2026-06-05;Lernia;Stockholms län;9;5
2026-06-05;Lernia;Södermanlands län;3;2
2026-06-05;Lernia;Uppsala län;1;0
2026-06-05;Lernia;Västerbottens län;4;3
2026-06-05;Lernia;Västmanlands län;3;1
2026-06-05;Lernia;Västra Götalands län;41;17
2026-06-05;Lernia;Östergötlands län;10;7
2026-06-05;Adecco;Blekinge län;2;2
2026-06-05;Adecco;Dalarnas län;3;1
2026-06-05;Adecco;Hallands län;8;4
2026-06-05;Adecco;Jönköpings län;11;6
2026-06-05;Adecco;Kalmar län;1;0
2026-06-05;Adecco;Kronobergs län;7;3
2026-06-05;Adecco;Norrbottens län;16;7
2026-06-05;Adecco;Skåne län;23;12
2026-06-05;Adecco;Stockholms län;28;22
2026-06-05;Adecco;Södermanlands län;1;1
2026-06-05;Adecco;Uppsala län;4;4
2026-06-05;Adecco;Värmlands län;6;3
2026-06-05;Adecco;Västerbottens län;7;7
2026-06-05;Adecco;Västernorrlands län;1;1
2026-06-05;Adecco;Västmanlands län;8;4
2026-06-05;Adecco;Västra Götalands län;26;18
2026-06-05;Adecco;Örebro län;2;1
2026-06-05;Adecco;Östergötlands län;7;3
2026-06-05;Perido;Dalarnas län;1;0
2026-06-05;Perido;Kronobergs län;1;1
2026-06-05;Perido;Stockholms län;9;7
2026-06-05;Perido;Västra Götalands län;10;10
2026-06-05;Perido;Östergötlands län;3;3
2026-06-05;Randstad;Dalarnas län;2;2
2026-06-05;Randstad;Gävleborgs län;2;1
2026-06-05;Randstad;Hallands län;3;2
2026-06-05;Randstad;Jönköpings län;12;6
2026-06-05;Randstad;Norrbottens län;4;3
2026-06-05;Randstad;Skåne län;9;5
2026-06-05;Randstad;Stockholms län;40;25
2026-06-05;Randstad;Södermanlands län;4;3
2026-06-05;Randstad;Uppsala län;8;6
2026-06-05;Randstad;Värmlands län;1;1
2026-06-05;Randstad;Västerbottens län;1;1
2026-06-05;Randstad;Västmanlands län;2;2
2026-06-05;Randstad;Västra Götalands län;61;31
2026-06-05;Randstad;Örebro län;6;6
2026-06-05;Randstad;Östergötlands län;29;13
2026-06-05;Academic Work;Dalarnas län;7;1
2026-06-05;Academic Work;Gävleborgs län;13;11
2026-06-05;Academic Work;Hallands län;2;1
2026-06-05;Academic Work;Jämtlands län;9;8
2026-06-05;Academic Work;Jönköpings län;4;2
2026-06-05;Academic Work;Kalmar län;1;0
2026-06-05;Academic Work;Kronobergs län;5;2
2026-06-05;Academic Work;Norrbottens län;8;2
2026-06-05;Academic Work;Skåne län;47;17
2026-06-05;Academic Work;Stockholms län;140;77
2026-06-05;Academic Work;Södermanlands län;1;0
2026-06-05;Academic Work;Uppsala län;11;7
2026-06-05;Academic Work;Värmlands län;10;2
2026-06-05;Academic Work;Västerbottens län;12;6
2026-06-05;Academic Work;Västernorrlands län;10;5
2026-06-05;Academic Work;Västmanlands län;9;4
2026-06-05;Academic Work;Västra Götalands län;46;23
2026-06-05;Academic Work;Örebro län;22;10
2026-06-05;Academic Work;Östergötlands län;31;10
2026-06-05;Studentconsulting;Blekinge län;1;1
2026-06-05;Studentconsulting;Dalarnas län;5;2
2026-06-05;Studentconsulting;Hallands län;5;4
2026-06-05;Studentconsulting;Jämtlands län;1;1
2026-06-05;Studentconsulting;Jönköpings län;6;1
2026-06-05;Studentconsulting;Kalmar län;1;1
2026-06-05;Studentconsulting;Kronobergs län;16;6
2026-06-05;Studentconsulting;Norrbottens län;24;15
2026-06-05;Studentconsulting;Skåne län;40;23
2026-06-05;Studentconsulting;Stockholms län;27;15
2026-06-05;Studentconsulting;Södermanlands län;6;2
2026-06-05;Studentconsulting;Uppsala län;3;1
2026-06-05;Studentconsulting;Värmlands län;2;1
2026-06-05;Studentconsulting;Västerbottens län;11;9
2026-06-05;Studentconsulting;Västernorrlands län;6;3
2026-06-05;Studentconsulting;Västmanlands län;8;3
2026-06-05;Studentconsulting;Västra Götalands län;36;19
2026-06-05;Studentconsulting;Örebro län;4;2
2026-06-05;Studentconsulting;Östergötlands län;23;13
2026-06-05;Poolia;Blekinge län;1;1
2026-06-05;Poolia;Dalarnas län;2;1
2026-06-05;Poolia;Gotlands län;1;1
2026-06-05;Poolia;Jönköpings län;1;1
2026-06-05;Poolia;Kalmar län;1;0
2026-06-05;Poolia;Norrbottens län;5;3
2026-06-05;Poolia;Skåne län;19;11
2026-06-05;Poolia;Stockholms län;9;7
2026-06-05;Poolia;Uppsala län;1;1
2026-06-05;Poolia;Västerbottens län;1;1
2026-06-05;Poolia;Västmanlands län;2;1
2026-06-05;Poolia;Västra Götalands län;11;10
2026-06-05;Poolia;Örebro län;2;1
2026-06-05;Poolia;Östergötlands län;11;4
2026-06-05;Uniflex;Blekinge län;2;0
2026-06-05;Uniflex;Gävleborgs län;2;2
2026-06-05;Uniflex;Hallands län;4;1
2026-06-05;Uniflex;Jämtlands län;1;1
2026-06-05;Uniflex;Jönköpings län;28;9
2026-06-05;Uniflex;Kalmar län;1;1
2026-06-05;Uniflex;Kronobergs län;4;1
2026-06-05;Uniflex;Norrbottens län;2;2
2026-06-05;Uniflex;Skåne län;15;6
2026-06-05;Uniflex;Stockholms län;26;23
2026-06-05;Uniflex;Södermanlands län;1;0
2026-06-05;Uniflex;Uppsala län;3;2
2026-06-05;Uniflex;Värmlands län;12;11
2026-06-05;Uniflex;Västerbottens län;1;1
2026-06-05;Uniflex;Västernorrlands län;11;4
2026-06-05;Uniflex;Västmanlands län;8;5
2026-06-05;Uniflex;Västra Götalands län;27;7
2026-06-05;Uniflex;Örebro län;13;9
2026-06-05;Uniflex;Östergötlands län;8;2
2026-06-05;OnePartnerGroup;Dalarnas län;1;1
2026-06-05;OnePartnerGroup;Gotlands län;1;0
2026-06-05;OnePartnerGroup;Gävleborgs län;8;1
2026-06-05;OnePartnerGroup;Hallands län;5;3
2026-06-05;OnePartnerGroup;Jämtlands län;10;4
2026-06-05;OnePartnerGroup;Jönköpings län;36;15
2026-06-05;OnePartnerGroup;Kalmar län;8;3
2026-06-05;OnePartnerGroup;Kronobergs län;12;6
2026-06-05;OnePartnerGroup;Norrbottens län;5;3
2026-06-05;OnePartnerGroup;Skåne län;9;8
2026-06-05;OnePartnerGroup;Stockholms län;15;9
2026-06-05;OnePartnerGroup;Södermanlands län;1;0
2026-06-05;OnePartnerGroup;Västerbottens län;9;3
2026-06-05;OnePartnerGroup;Västernorrlands län;17;11
2026-06-05;OnePartnerGroup;Västra Götalands län;38;24
2026-06-05;OnePartnerGroup;Östergötlands län;5;2
2026-06-05;Skill;Blekinge län;1;0
2026-06-05;Skill;Hallands län;5;5
2026-06-05;Skill;Jönköpings län;3;3
2026-06-05;Skill;Kalmar län;2;2
2026-06-05;Skill;Stockholms län;2;1
2026-06-05;Skill;Uppsala län;1;1
2026-06-05;Skill;Västra Götalands län;12;11
2026-06-05;Skill;Örebro län;1;0
2026-06-05;Skill;Östergötlands län;49;28
2026-06-05;Arena Personal;Blekinge län;1;1
2026-06-05;Arena Personal;Jämtlands län;1;0
2026-06-05;Arena Personal;Jönköpings län;2;2
2026-06-05;Arena Personal;Kronobergs län;1;1
2026-06-05;Arena Personal;Norrbottens län;3;1
2026-06-05;Arena Personal;Skåne län;6;4
2026-06-05;Arena Personal;Stockholms län;26;18
2026-06-05;Arena Personal;Södermanlands län;35;24
2026-06-05;Arena Personal;Uppsala län;3;1
2026-06-05;Arena Personal;Västerbottens län;2;2
2026-06-05;Arena Personal;Västernorrlands län;5;5
2026-06-05;Arena Personal;Västmanlands län;5;4
2026-06-05;Arena Personal;Västra Götalands län;10;3
2026-06-05;Arena Personal;Örebro län;11;10
2026-06-05;Arena Personal;Östergötlands län;5;2
2026-06-05;Tranpenad;Jönköpings län;3;1
2026-06-05;Tranpenad;Skåne län;1;1
2026-06-05;Tranpenad;Stockholms län;5;0
2026-06-05;Tranpenad;Södermanlands län;3;3
2026-06-05;Tranpenad;Uppsala län;5;0
2026-06-05;Tranpenad;Västmanlands län;1;1
2026-06-05;Tranpenad;Västra Götalands län;24;5
2026-06-05;Tranpenad;Östergötlands län;2;0
2026-06-05;Jobandtalent;Gävleborgs län;1;1
2026-06-05;Jobandtalent;Hallands län;16;11
2026-06-05;Jobandtalent;Jönköpings län;7;5
2026-06-05;Jobandtalent;Kalmar län;1;0
2026-06-05;Jobandtalent;Kronobergs län;1;0
2026-06-05;Jobandtalent;Norrbottens län;2;2
2026-06-05;Jobandtalent;Skåne län;15;5
2026-06-05;Jobandtalent;Stockholms län;19;11
2026-06-05;Jobandtalent;Södermanlands län;4;1
2026-06-05;Jobandtalent;Uppsala län;1;1
2026-06-05;Jobandtalent;Västernorrlands län;1;0
2026-06-05;Jobandtalent;Västmanlands län;1;0
2026-06-05;Jobandtalent;Västra Götalands län;15;9
2026-06-05;Jobandtalent;Örebro län;4;4
2026-06-05;Jobandtalent;Östergötlands län;30;7
2026-06-05;NearYou;Hallands län;4;4
2026-06-05;NearYou;Jönköpings län;36;31
2026-06-05;NearYou;Kalmar län;16;12
2026-06-05;NearYou;Skåne län;1;1
2026-06-05;NearYou;Västra Götalands län;56;28
2026-06-05;NearYou;Örebro län;2;0
2026-06-05;SJR;Dalarnas län;1;1
2026-06-05;SJR;Skåne län;3;1
2026-06-05;SJR;Stockholms län;14;8
2026-06-05;SJR;Uppsala län;4;1
2026-06-05;SJR;Västerbottens län;1;1
2026-06-05;SJR;Västmanlands län;1;1
2026-06-05;SJR;Västra Götalands län;7;4
2026-06-05;Clockwork;Dalarnas län;15;9
2026-06-05;Clockwork;Gävleborgs län;5;3
2026-06-05;Clockwork;Stockholms län;6;4
2026-06-05;Clockwork;Södermanlands län;3;2
2026-06-05;Clockwork;Uppsala län;1;1
2026-06-05;Clockwork;Västerbottens län;4;3
2026-06-05;Clockwork;Västmanlands län;2;1
2026-06-05;Clockwork;Östergötlands län;1;1
2026-06-05;Logent;Hallands län;5;1
2026-06-05;Logent;Skåne län;12;5
2026-06-05;Logent;Stockholms län;6;2
2026-06-05;Logent;Uppsala län;1;1
2026-06-05;Logent;Västra Götalands län;13;5
2026-06-05;Logent;Östergötlands län;2;2
2026-06-05;Bemannia;Gävleborgs län;1;1
2026-06-05;Bemannia;Hallands län;4;4
2026-06-05;Bemannia;Skåne län;1;1
2026-06-05;Bemannia;Stockholms län;17;13
2026-06-05;Bemannia;Uppsala län;4;4
2026-06-05;Bemannia;Västra Götalands län;3;2
2026-06-05;Bemannia;Östergötlands län;1;1
2026-06-05;Framtiden i Sverige;Blekinge län;1;0
2026-06-05;Framtiden i Sverige;Dalarnas län;10;2
2026-06-05;Framtiden i Sverige;Gotlands län;2;0
2026-06-05;Framtiden i Sverige;Gävleborgs län;1;1
2026-06-05;Framtiden i Sverige;Hallands län;5;5
2026-06-05;Framtiden i Sverige;Jönköpings län;21;11
2026-06-05;Framtiden i Sverige;Norrbottens län;1;0
2026-06-05;Framtiden i Sverige;Skåne län;8;5
2026-06-05;Framtiden i Sverige;Stockholms län;31;18
2026-06-05;Framtiden i Sverige;Uppsala län;5;3
2026-06-05;Framtiden i Sverige;Värmlands län;3;1
2026-06-05;Framtiden i Sverige;Västernorrlands län;4;3
2026-06-05;Framtiden i Sverige;Västmanlands län;3;2
2026-06-05;Framtiden i Sverige;Västra Götalands län;17;12
2026-06-05;Framtiden i Sverige;Örebro län;7;6
2026-06-05;Framtiden i Sverige;Östergötlands län;38;17
2026-06-05;Professionals Nord;Gävleborgs län;1;1
2026-06-05;Professionals Nord;Hallands län;1;1
2026-06-05;Professionals Nord;Jämtlands län;1;0
2026-06-05;Professionals Nord;Jönköpings län;4;4
2026-06-05;Professionals Nord;Kalmar län;1;1
2026-06-05;Professionals Nord;Norrbottens län;64;31
2026-06-05;Professionals Nord;Skåne län;5;4
2026-06-05;Professionals Nord;Stockholms län;18;7
2026-06-05;Professionals Nord;Södermanlands län;3;1
2026-06-05;Professionals Nord;Uppsala län;2;2
2026-06-05;Professionals Nord;Värmlands län;2;1
2026-06-05;Professionals Nord;Västerbottens län;9;5
2026-06-05;Professionals Nord;Västernorrlands län;7;3
2026-06-05;Professionals Nord;Västmanlands län;7;4
2026-06-05;Professionals Nord;Västra Götalands län;20;10
2026-06-05;Professionals Nord;Örebro län;6;3
2026-06-05;Professionals Nord;Östergötlands län;15;9
2026-06-05;Bravura;Gävleborgs län;2;0
2026-06-05;Bravura;Hallands län;1;0
2026-06-05;Bravura;Jämtlands län;1;0
2026-06-05;Bravura;Jönköpings län;11;3
2026-06-05;Bravura;Kalmar län;1;0
2026-06-05;Bravura;Kronobergs län;3;1
2026-06-05;Bravura;Norrbottens län;3;1
2026-06-05;Bravura;Skåne län;19;6
2026-06-05;Bravura;Stockholms län;67;22
2026-06-05;Bravura;Södermanlands län;1;0
2026-06-05;Bravura;Uppsala län;3;1
2026-06-05;Bravura;Värmlands län;4;4
2026-06-05;Bravura;Västernorrlands län;6;6
2026-06-05;Bravura;Västmanlands län;1;0
2026-06-05;Bravura;Västra Götalands län;26;15
2026-06-05;Bravura;Örebro län;1;0
2026-06-05;Bravura;Östergötlands län;11;2
2026-06-05;Jurek;Skåne län;3;2
2026-06-05;Jurek;Stockholms län;13;5
2026-06-05;Jurek;Uppsala län;1;1
2026-06-05;Jurek;Västra Götalands län;3;2
2026-06-05;TNG Group;Dalarnas län;1;1
2026-06-05;TNG Group;Jämtlands län;1;1
2026-06-05;TNG Group;Jönköpings län;1;1
2026-06-05;TNG Group;Kronobergs län;1;0
2026-06-05;TNG Group;Skåne län;5;4
2026-06-05;TNG Group;Stockholms län;26;16
2026-06-05;TNG Group;Södermanlands län;1;0
2026-06-05;TNG Group;Uppsala län;1;1
2026-06-05;TNG Group;Västerbottens län;1;1
2026-06-05;TNG Group;Västernorrlands län;1;1
2026-06-05;TNG Group;Västmanlands län;2;1
2026-06-05;TNG Group;Västra Götalands län;2;1
2026-06-05;TNG Group;Örebro län;7;6
2026-06-05;TNG Group;Östergötlands län;1;0
2026-06-05;Eterni Sweden;Blekinge län;1;1
2026-06-05;Eterni Sweden;Hallands län;2;1
2026-06-05;Eterni Sweden;Jönköpings län;20;9
2026-06-05;Eterni Sweden;Kalmar län;6;5
2026-06-05;Eterni Sweden;Kronobergs län;16;8
2026-06-05;Eterni Sweden;Skåne län;8;5
2026-06-05;Eterni Sweden;Stockholms län;5;2
2026-06-05;Eterni Sweden;Värmlands län;10;5
2026-06-05;Eterni Sweden;Västmanlands län;1;0
2026-06-05;Eterni Sweden;Västra Götalands län;16;7
2026-06-05;Eterni Sweden;Örebro län;1;1
2026-06-05;Eterni Sweden;Östergötlands län;2;2
2026-06-05;Friday;Hallands län;4;2
2026-06-05;Friday;Jönköpings län;3;1
2026-06-05;Friday;Kronobergs län;2;0
2026-06-05;Friday;Skåne län;23;10
2026-06-05;Friday;Stockholms län;33;18
2026-06-05;Friday;Södermanlands län;1;0
2026-06-05;Friday;Västmanlands län;3;2
2026-06-05;Friday;Västra Götalands län;55;26
2026-06-05;Friday;Örebro län;4;2
2026-06-05;Friday;Östergötlands län;27;9
2026-06-05;Gazella;Stockholms län;4;2
2026-06-05;Insitepart;Jönköpings län;7;0
2026-06-05;Insitepart;Kalmar län;1;1
2026-06-05;Insitepart;Skåne län;2;0
2026-06-05;Insitepart;Stockholms län;8;4
2026-06-05;Insitepart;Södermanlands län;2;1
2026-06-05;Insitepart;Uppsala län;1;1
2026-06-05;Insitepart;Västra Götalands län;1;0
2026-06-05;Insitepart;Örebro län;5;3
2026-06-05;Wikan Personal;Blekinge län;3;2
2026-06-05;Wikan Personal;Gävleborgs län;14;8
2026-06-05;Wikan Personal;Jönköpings län;9;6
2026-06-05;Wikan Personal;Kalmar län;5;4
2026-06-05;Wikan Personal;Kronobergs län;12;9
2026-06-05;Wikan Personal;Skåne län;29;12
2026-06-05;Wikan Personal;Västerbottens län;9;7
2026-06-05;Konsultia;Dalarnas län;1;1
2026-06-05;Konsultia;Gävleborgs län;5;1
2026-06-05;Konsultia;Hallands län;1;1
2026-06-05;Konsultia;Norrbottens län;14;7
2026-06-05;Konsultia;Skåne län;2;0
2026-06-05;Konsultia;Södermanlands län;2;1
2026-06-05;Konsultia;Västerbottens län;5;1
2026-06-05;Konsultia;Västernorrlands län;7;5
2026-06-05;Konsultia;Västra Götalands län;15;11
2026-06-05;Konsultia;Örebro län;1;1
